"Fecha","Último","Apertura","Máximo","Mínimo","Vol.","% var."
"01.12.2021","76,67","75,60","78,43","75,23","30,61K","1,87%"
"30.11.2021","75,26","73,63","75,48","73,16","26,93K","1,63%"
"29.11.2021","74,05","73,66","75,76","73,66","26,05K","1,79%"
"26.11.2021","72,75","74,16","74,16","70,37","32,24K","-3,00%"
"25.11.2021","75,00","73,30","75,05","72,11","25,49K","2,71%"
"24.11.2021","73,02","69,52","73,18","68,94","29,86K","5,32%"
"23.11.2021","69,33","69,70","70,63","68,75","19,37K","-0,53%"
"22.11.2021","69,70","69,91","71,20","69,25","26,70K","-0,07%"
"19.11.2021","69,75","69,20","69,88","68,63","21,83K","1,56%"
"18.11.2021","68,68","67,31","69,25","66,26","24,08K","2,26%"
"17.11.2021","67,16","67,80","68,45","66,76","21,75K","-0,90%"
"16.11.2021","67,77","66,50","67,87","66,20","24,58K","1,54%"
"15.11.2021","66,74","63,55","66,97","63,55","27,84K","5,35%"
"12.11.2021","63,35","63,77","64,49","63,10","15,65K","-0,46%"
"11.11.2021","63,64","63,09","63,92","62,07","19,76K","1,13%"
"10.11.2021","62,93","60,15","63,25","59,83","29,26K","4,33%"
"09.11.2021","60,32","60,48","61,39","59,89","25,27K","-0,58%"
"08.11.2021","60,67","59,86","61,12","59,82","22,38K","1,80%"
"05.11.2021","59,60","59,70","61,23","59,29","22,23K","-0,60%"
"04.11.2021","59,96","59,58","61,43","58,92","26,08K","0,35%"
"03.11.2021","59,75","59,63","60,36","59,08","20,15K","0,49%"
"02.11.2021","59,46","56,90","59,65","56,90","30,69K","4,50%"
"01.11.2021","56,90","59,00","60,45","56,67","29,04K","-3,12%"
"29.10.2021","58,73","58,71","59,55","58,11","19,29K","0,03%"
"28.10.2021","58,71","59,56","59,56","57,93","19,33K","-1,92%"
"27.10.2021","59,86","59,81","60,16","58,84","19,56K","0,12%"
"26.10.2021","59,79","59,10","60,20","58,74","19,51K","0,72%"
"25.10.2021","59,36","58,80","59,77","58,55","16,48K","0,61%"
"22.10.2021","59,00","58,04","60,10","57,90","19,26K","1,51%"
"21.10.2021","58,12","57,35","58,62","56,50","26,14K","0,80%"
"20.10.2021","57,66","54,78","58,13","54,78","28,68K","4,44%"
"19.10.2021","55,21","57,71","58,35","54,02","44,17K","-3,83%"
"18.10.2021","57,41","58,75","59,68","57,25","27,98K","-1,66%"
"15.10.2021","58,38","61,62","61,95","58,28","23,56K","-4,87%"
"14.10.2021","61,37","59,09","61,78","59,09","28,65K","3,68%"
"13.10.2021","59,19","59,40","60,24","58,25","25,67K","-0,10%"
"12.10.2021","59,25","59,00","59,45","58,54","16,84K","0,19%"
"11.10.2021","59,14","58,17","60,24","58,05","20,45K","1,90%"
"08.10.2021","58,04","59,90","60,74","57,86","24,27K","-3,91%"
"07.10.2021","60,40","59,90","60,69","57,75","43,64K","0,75%"
"06.10.2021","59,95","64,85","64,95","58,90","58,22K","-6,74%"
"05.10.2021","64,28","63,64","65,40","63,62","32,85K","1,16%"
"04.10.2021","63,54","62,98","64,49","62,31","26,77K","1,29%"
"01.10.2021","62,73","61,85","63,82","61,10","24,34K","1,59%"
"30.09.2021","61,75","62,90","62,90","60,52","31,85K","-1,36%"
"29.09.2021","62,60","62,50","63,15","61,35","28,17K","0,82%"
"28.09.2021","62,09","65,30","65,75","61,63","38,45K","-4,02%"
"27.09.2021","64,69","64,10","65,00","63,60","32,27K","1,47%"
"24.09.2021","63,75","60,59","64,10","59,92","32,85K","5,16%"
"23.09.2021","60,62","60,50","61,15","59,14","29,26K","0,10%"
"22.09.2021","60,56","60,36","60,73","59,81","24,15K","0,63%"
"21.09.2021","60,18","60,63","61,36","59,85","23,59K","-0,45%"
"20.09.2021","60,45","59,11","61,03","58,50","33,56K","1,60%"
"17.09.2021","59,50","59,35","60,20","59,02","28,97K","0,61%"
"16.09.2021","59,14","59,25","60,81","58,38","39,53K","-0,49%"
"15.09.2021","59,43","59,64","61,44","58,74","41,13K","-0,70%"
"14.09.2021","59,85","61,57","61,98","59,28","39,63K","-2,68%"
"13.09.2021","61,50","61,00","62,69","60,89","29,33K","0,34%"
"10.09.2021","61,29","63,15","63,15","60,60","28,91K","-2,36%"
"09.09.2021","62,77","62,74","63,12","61,90","20,64K","-0,13%"
"08.09.2021","62,85","62,20","63,35","61,95","27,45K","1,09%"
"07.09.2021","62,17","62,72","62,88","61,66","22,13K","-0,29%"
"06.09.2021","62,35","61,41","63,17","61,41","22,18K","1,10%"
"03.09.2021","61,67","61,37","62,45","61,12","19,61K","0,44%"
"02.09.2021","61,40","60,42","61,75","59,55","19,34K","2,33%"
"01.09.2021","60,00","60,62","61,90","59,61","28,20K","-0,84%"
"31.08.2021","60,51","60,76","60,95","59,90","17,32K","-0,15%"
"30.08.2021","60,60","60,12","61,01","59,87","15,21K","1,17%"
"27.08.2021","59,90","57,03","59,95","56,87","24,36K","5,31%"
"26.08.2021","56,88","56,33","57,59","55,65","15,92K","0,62%"
"25.08.2021","56,53","56,76","57,12","55,81","16,18K","-0,46%"
"24.08.2021","56,79","55,54","56,85","55,27","15,71K","2,10%"
"23.08.2021","55,62","54,14","56,39","54,14","20,55K","2,70%"
"20.08.2021","54,16","53,90","54,88","53,45","20,18K","0,48%"
"19.08.2021","53,90","56,44","57,10","52,52","41,38K","-4,60%"
"18.08.2021","56,50","57,33","58,08","55,40","24,95K","-0,91%"
"17.08.2021","57,02","58,00","58,25","56,98","19,18K","-1,54%"
"16.08.2021","57,91","55,25","58,25","55,00","20,78K","4,46%"
"13.08.2021","55,44","56,32","56,41","55,15","19,05K","-1,07%"
"12.08.2021","56,04","58,07","58,18","55,90","19,16K","-3,56%"
"11.08.2021","58,11","57,40","58,20","55,97","24,23K","1,64%"
"10.08.2021","57,17","56,83","57,60","56,60","19,20K","0,55%"
"09.08.2021","56,86","56,90","57,42","55,90","17,34K","-0,14%"
"06.08.2021","56,94","56,25","56,97","56,11","14,81K","1,35%"
"05.08.2021","56,18","55,45","56,20","54,63","18,19K","1,41%"
"04.08.2021","55,40","54,50","55,60","54,15","18,09K","1,91%"
"03.08.2021","54,36","54,42","55,17","54,00","16,37K","0,13%"
"02.08.2021","54,29","53,15","55,20","53,08","22,64K","1,95%"
"30.07.2021","53,25","53,96","53,99","52,80","15,64K","-1,30%"
"29.07.2021","53,95","54,14","54,35","53,02","18,65K","0,28%"
"28.07.2021","53,80","53,11","54,27","52,92","20,28K","1,32%"
"27.07.2021","53,10","53,28","53,78","52,79","20,92K","-0,09%"
"26.07.2021","53,15","50,98","53,35","50,56","23,11K","4,32%"
"23.07.2021","50,95","50,14","50,95","49,99","17,56K","1,39%"
"22.07.2021","50,25","52,05","52,29","50,05","29,26K","-3,46%"
"21.07.2021","52,05","51,17","52,30","50,89","20,64K","1,17%"
"20.07.2021","51,45","52,44","52,57","50,50","34,80K","-2,00%"
"19.07.2021","52,50","52,73","53,97","51,97","23,30K","-1,32%"
"16.07.2021","53,20","52,88","53,65","52,31","18,58K","0,70%"
"15.07.2021","52,83","52,51","53,55","51,88","22,18K","0,82%"
"14.07.2021","52,40","53,10","55,46","51,64","32,47K","-1,34%"
"13.07.2021","53,11","51,70","53,30","51,25","23,02K","2,47%"
"12.07.2021","51,83","54,15","54,25","51,50","26,69K","-4,25%"
"09.07.2021","54,13","52,68","54,44","52,59","24,28K","2,52%"
"08.07.2021","52,80","52,69","53,17","50,87","39,99K","-0,26%"
"07.07.2021","52,94","53,44","54,99","52,39","38,56K","-0,02%"
"06.07.2021","52,95","58,10","58,30","52,20","50,73K","-8,55%"
"05.07.2021","57,90","57,59","58,40","57,41","15,35K","0,68%"
"02.07.2021","57,51","58,25","58,41","57,02","17,82K","-0,93%"
"01.07.2021","58,05","56,70","58,64","56,59","35,34K","2,42%"
"30.06.2021","56,68","55,39","56,68","55,22","22,70K","2,35%"
"29.06.2021","55,38","55,60","56,19","55,10","21,37K","-0,18%"
"28.06.2021","55,48","55,30","55,94","54,58","24,88K","0,45%"
"25.06.2021","55,23","55,19","55,78","54,86","24,04K","0,42%"
"24.06.2021","55,00","54,61","55,35","54,28","20,13K","0,95%"
"23.06.2021","54,48","53,60","54,85","53,50","27,82K","1,93%"
"22.06.2021","53,45","52,39","53,46","52,25","20,58K","2,08%"
"21.06.2021","52,36","51,78","52,99","51,62","19,84K","0,69%"
"18.06.2021","52,00","51,49","52,09","51,20","15,81K","1,52%"
"17.06.2021","51,22","51,10","51,40","50,36","19,90K","0,23%"
"16.06.2021","51,10","51,40","52,40","50,78","29,83K","-0,56%"
"15.06.2021","51,39","52,65","52,65","51,05","30,31K","-2,23%"
"14.06.2021","52,56","52,90","53,97","52,40","22,61K","-0,27%"
"11.06.2021","52,70","52,80","53,85","52,38","20,89K","-0,19%"
"10.06.2021","52,80","53,25","53,97","52,65","23,31K","-0,79%"
"09.06.2021","53,22","52,47","54,18","52,35","30,91K","2,01%"
"08.06.2021","52,17","51,78","52,63","51,54","29,76K","1,36%"
"07.06.2021","51,47","49,39","52,00","49,30","13,72K","3,00%"
"04.06.2021","49,97","50,72","51,50","49,26","34,11K","-0,54%"
"03.06.2021","50,24","51,64","52,66","50,13","32,46K","-2,26%"
"02.06.2021","51,40","52,00","52,25","50,83","28,69K","-1,93%"
"01.06.2021","52,41","51,90","53,30","51,70","22,67K","1,37%"
"31.05.2021","51,70","51,63","52,03","51,25","5,89K","1,31%"
"28.05.2021","51,03","51,60","52,40","50,22","31,52K","-1,56%"
"27.05.2021","51,84","53,00","53,64","50,95","32,83K","-3,41%"
"26.05.2021","53,67","53,30","54,70","52,61","31,83K","0,66%"
"25.05.2021","53,32","52,90","53,80","52,23","36,86K","1,04%"
"24.05.2021","52,77","51,69","52,90","50,65","20,29K","1,97%"
"21.05.2021","51,75","52,10","53,64","50,90","39,01K","-1,80%"
"20.05.2021","52,70","49,75","52,81","49,60","51,14K","6,08%"
"19.05.2021","49,68","52,25","53,01","48,61","80,53K","-6,39%"
"18.05.2021","53,07","55,84","56,50","52,41","52,67K","-5,80%"
"17.05.2021","56,34","56,65","56,74","55,30","36,82K","-0,55%"
"14.05.2021","56,65","54,65","56,90","54,57","36,88K","3,96%"
"13.05.2021","54,49","55,17","55,17","53,21","38,48K","-1,50%"
"12.05.2021","55,32","53,15","55,47","53,05","50,66K","4,30%"
"11.05.2021","53,04","52,10","53,45","51,37","41,05K","1,57%"
"10.05.2021","52,22","50,90","52,77","50,90","37,30K","3,51%"
"07.05.2021","50,45","49,94","51,10","49,41","29,23K","1,02%"
"06.05.2021","49,94","49,58","50,48","49,19","37,28K","0,99%"
"05.05.2021","49,45","48,77","49,50","48,55","30,86K","1,73%"
"04.05.2021","48,61","49,60","50,05","48,40","29,29K","-1,64%"
"03.05.2021","49,42","48,95","49,90","48,86","12,70K","1,19%"
"30.04.2021","48,84","47,88","49,41","47,65","32,30K","1,71%"
"29.04.2021","48,02","47,87","48,18","47,12","23,55K","0,48%"
"28.04.2021","47,79","47,31","48,40","47,28","32,44K","1,04%"
"27.04.2021","47,30","47,40","47,89","46,35","28,97K","0,21%"
"26.04.2021","47,20","47,15","47,73","46,88","24,34K","0,53%"
"23.04.2021","46,95","46,95","47,29","46,10","32,01K","-0,30%"
"22.04.2021","47,09","46,30","47,36","46,15","38,21K","2,57%"
"21.04.2021","45,91","45,00","46,50","44,78","38,58K","2,27%"
"20.04.2021","44,89","44,15","45,19","43,89","30,81K","1,22%"
"19.04.2021","44,35","44,38","44,95","43,85","25,10K","-0,16%"
"16.04.2021","44,42","44,40","44,90","44,30","21,21K","0,59%"
"15.04.2021","44,16","43,78","44,55","43,78","18,92K","0,78%"
"14.04.2021","43,82","43,94","44,18","43,45","23,01K","-0,07%"
"13.04.2021","43,85","44,58","44,69","43,72","23,14K","-1,42%"
"12.04.2021","44,48","43,56","44,62","43,53","22,16K","1,92%"
"09.04.2021","43,64","43,57","43,80","43,16","17,46K","0,37%"
"08.04.2021","43,48","43,86","44,05","43,32","30,53K","-0,87%"
"07.04.2021","43,86","44,35","44,35","43,54","24,15K","-0,86%"
"06.04.2021","44,24","42,65","44,35","42,65","29,17K","4,17%"
"01.04.2021","42,47","42,50","42,88","42,10","17,08K","-0,19%"
"31.03.2021","42,55","42,13","42,78","41,95","18,13K","1,19%"
"30.03.2021","42,05","41,99","42,51","41,45","26,18K","0,48%"
"29.03.2021","41,85","41,59","42,31","40,80","20,25K","0,29%"
"26.03.2021","41,73","40,49","41,85","40,18","24,20K","3,42%"
"25.03.2021","40,35","41,50","41,69","39,63","45,02K","-3,00%"
"24.03.2021","41,60","41,50","41,69","40,73","33,97K","0,41%"
"23.03.2021","41,43","42,72","42,85","41,32","47,39K","-3,29%"
"22.03.2021","42,84","41,80","43,00","41,69","25,82K","2,07%"
"19.03.2021","41,97","41,87","42,32","41,20","27,04K","-1,01%"
"18.03.2021","42,40","43,00","43,77","42,20","34,12K","-1,37%"
"17.03.2021","42,99","42,00","43,07","41,65","37,67K","3,34%"
"16.03.2021","41,60","42,43","42,64","41,53","40,97K","-1,86%"
"15.03.2021","42,39","42,85","43,36","42,06","39,35K","-1,07%"
"12.03.2021","42,85","41,80","42,90","41,50","27,84K","2,19%"
"11.03.2021","41,93","41,69","42,67","41,02","46,04K","0,94%"
"10.03.2021","41,54","40,83","41,85","40,50","39,05K","2,19%"
"09.03.2021","40,65","39,13","40,83","39,01","37,08K","3,88%"
"08.03.2021","39,13","39,20","39,44","38,31","21,70K","0,28%"
"05.03.2021","39,02","38,17","39,12","37,75","28,97K","2,25%"
"04.03.2021","38,16","37,54","38,43","36,65","31,66K","1,84%"
"03.03.2021","37,47","38,39","38,45","37,11","24,90K","-2,29%"
"02.03.2021","38,35","36,97","38,45","36,83","26,16K","3,29%"
"01.03.2021","37,13","37,44","38,21","37,05","20,94K","-0,40%"
"26.02.2021","37,28","37,85","38,10","37,22","27,10K","-2,56%"
"25.02.2021","38,26","39,51","39,68","38,13","23,31K","-2,27%"
"24.02.2021","39,15","38,50","39,36","38,20","21,70K","1,24%"
"23.02.2021","38,67","37,97","38,75","37,41","26,55K","1,87%"
"22.02.2021","37,96","37,40","38,15","36,50","34,48K","1,50%"
"19.02.2021","37,40","38,27","38,69","37,35","24,61K","-2,40%"
"18.02.2021","38,32","38,18","38,86","37,75","31,94K","0,60%"
"17.02.2021","38,09","38,90","39,42","38,04","34,28K","-1,98%"
"16.02.2021","38,86","39,54","40,53","38,75","43,86K","-1,67%"
"15.02.2021","39,52","40,19","40,64","39,43","30,68K","-1,25%"
"12.02.2021","40,02","37,69","40,25","37,06","46,08K","3,25%"
"11.02.2021","38,76","39,23","40,12","38,30","55,64K","-1,45%"
"10.02.2021","39,33","38,20","39,72","37,56","38,79K","2,80%"
"09.02.2021","38,26","38,10","38,73","37,55","36,92K","-0,91%"
"08.02.2021","38,61","39,20","39,80","38,46","27,55K","1,07%"
"05.02.2021","38,20","37,40","38,73","37,20","32,16K","2,50%"
"04.02.2021","37,27","37,55","38,25","36,57","34,50K","-0,43%"
"03.02.2021","37,43","35,05","37,85","34,78","50,38K","7,03%"
"02.02.2021","34,97","33,01","35,20","33,00","37,71K","6,45%"
"01.02.2021","32,85","32,95","33,40","32,56","25,78K","-0,30%"
"29.01.2021","32,95","33,95","33,95","32,91","25,43K","-2,95%"
"28.01.2021","33,95","33,56","33,97","32,89","20,57K","2,01%"
"27.01.2021","33,28","33,34","33,45","32,22","24,87K","-0,21%"
"26.01.2021","33,35","33,05","33,60","32,81","21,86K","0,57%"
"25.01.2021","33,16","34,50","34,69","33,08","22,72K","-3,15%"
"22.01.2021","34,24","34,25","34,29","33,54","16,73K","0,38%"
"21.01.2021","34,11","32,95","34,20","32,56","21,93K","3,65%"
"20.01.2021","32,91","33,33","33,70","32,68","19,67K","-0,54%"
"19.01.2021","33,09","31,71","33,12","31,71","25,22K","4,65%"
"18.01.2021","31,62","31,62","32,32","31,29","22,73K","-0,38%"
"15.01.2021","31,74","33,49","33,49","31,62","32,23K","-5,34%"
"14.01.2021","33,53","33,49","33,92","32,76","22,87K","-0,36%"
"13.01.2021","33,65","34,57","34,66","33,07","27,14K","-2,91%"
"12.01.2021","34,66","34,35","35,42","34,08","25,73K","0,38%"
"11.01.2021","34,53","35,16","35,20","34,15","15,24K","-1,12%"
"08.01.2021","34,92","35,00","35,20","34,29","20,91K","0,46%"
"07.01.2021","34,76","33,82","34,86","33,82","22,69K","3,36%"
"06.01.2021","33,63","33,14","33,71","32,83","17,36K","2,03%"
"05.01.2021","32,96","33,75","33,75","32,75","19,37K","-2,17%"
"04.01.2021","33,69","32,70","34,25","32,70","19,31K","2,96%"
"31.12.2020","32,72","32,05","32,98","32,03","5,31K","1,65%"
"30.12.2020","32,19","33,14","33,41","32,01","10,51K","-2,51%"
"29.12.2020","33,02","33,31","33,42","32,60","9,51K","-1,26%"
"28.12.2020","33,44","32,50","33,50","32,33","8,05K","3,88%"
"24.12.2020","32,19","31,97","32,40","31,79","3,41K","0,85%"
"23.12.2020","31,92","31,00","31,98","31,00","8,54K","2,47%"
"22.12.2020","31,15","30,65","31,37","30,43","11,71K","0,84%"
"21.12.2020","30,89","30,80","30,97","29,71","22,09K","-0,68%"
"18.12.2020","31,10","32,00","32,00","30,78","14,85K","-2,69%"
"17.12.2020","31,96","31,90","32,40","31,49","24,61K","0,57%"
"16.12.2020","31,78","32,41","32,50","31,42","24,03K","-1,24%"
"15.12.2020","32,18","31,00","32,40","30,92","23,87K","3,77%"
"14.12.2020","31,01","30,50","31,68","30,50","25,13K","0,91%"
"11.12.2020","30,73","31,11","31,54","30,52","23,96K","-1,25%"
"10.12.2020","31,12","30,06","31,22","29,79","24,75K","4,05%"
"09.12.2020","29,91","29,87","30,37","29,74","21,67K","0,47%"
"08.12.2020","29,77","29,74","30,20","29,68","15,84K","-0,17%"
"07.12.2020","29,82","30,20","30,20","29,63","12,48K","-1,62%"
"04.12.2020","30,31","29,16","30,52","29,10","18,83K","3,80%"
"03.12.2020","29,20","29,75","29,85","29,09","11,22K","-1,85%"
"02.12.2020","29,75","29,20","29,85","28,76","18,50K","2,34%"
"01.12.2020","29,07","29,42","30,19","28,95","23,93K","-0,92%"
"30.11.2020","29,34","28,55","29,60","28,28","13,03K","3,57%"
"27.11.2020","28,33","28,35","28,86","28,08","7,20K","0,14%"
"26.11.2020","28,29","27,77","28,50","27,52","11,23K","1,80%"
"25.11.2020","27,79","28,00","28,29","27,70","13,52K","0,00%"
"24.11.2020","27,79","27,31","27,85","27,03","9,03K","1,39%"
"23.11.2020","27,41","27,59","27,65","27,25","11,05K","1,93%"
"20.11.2020","26,89","26,49","27,16","26,42","9,01K","1,51%"
"19.11.2020","26,49","27,27","27,27","26,46","6,37K","-3,07%"
"18.11.2020","27,33","27,27","28,25","27,27","7,84K","2,09%"
"17.11.2020","26,77","27,52","27,52","26,70","8,70K","-2,73%"
"16.11.2020","27,52","26,80","27,54","26,70","6,93K","4,20%"
"13.11.2020","26,41","25,80","26,65","25,71","3,61K","1,38%"
"12.11.2020","26,05","26,15","26,33","25,72","6,15K","-0,80%"
"11.11.2020","26,26","26,57","27,26","26,20","5,91K","-0,42%"
"10.11.2020","26,37","26,60","26,76","26,28","3,60K","-1,20%"
"09.11.2020","26,69","26,13","27,23","25,45","6,87K","4,42%"
"06.11.2020","25,56","25,93","26,17","25,32","10,14K","-2,22%"
"05.11.2020","26,14","25,27","26,30","25,05","5,21K","3,44%"
"04.11.2020","25,27","24,47","25,37","24,00","3,84K","2,93%"
"03.11.2020","24,55","23,77","24,81","23,77","6,89K","2,98%"
"02.11.2020","23,84","23,81","23,95","22,98","5,40K","-0,17%"
"30.10.2020","23,88","23,61","24,41","23,38","4,15K","0,17%"
"29.10.2020","23,84","23,10","24,25","23,10","4,64K","2,71%"
"28.10.2020","23,21","23,79","23,79","23,07","6,15K","-4,25%"
"27.10.2020","24,24","23,99","24,46","23,60","3,93K","0,83%"
"26.10.2020","24,04","25,33","25,33","23,92","3,46K","-6,35%"
"23.10.2020","25,67","24,27","25,88","24,25","8,87K","5,33%"
"22.10.2020","24,37","23,55","24,40","23,28","3,47K","2,57%"
"21.10.2020","23,76","24,60","24,60","23,57","10,20K","-3,41%"
"20.10.2020","24,60","24,94","24,95","24,40","8,07K","-2,26%"
"19.10.2020","25,17","25,02","25,36","24,79","4,28K","0,40%"
"16.10.2020","25,07","25,32","25,73","24,98","3,57K","-0,36%"
"15.10.2020","25,16","25,88","25,88","24,84","7,97K","-3,01%"
"14.10.2020","25,94","25,34","26,04","25,28","2,90K","2,09%"
"13.10.2020","25,41","25,94","25,94","25,30","6,27K","-2,53%"
"12.10.2020","26,07","25,68","26,10","25,40","3,80K","0,62%"
"09.10.2020","25,91","26,57","26,60","25,74","2,35K","-2,37%"
"08.10.2020","26,54","27,15","27,16","26,43","5,54K","-2,07%"
"07.10.2020","27,10","26,81","27,94","26,81","4,09K","0,37%"
"06.10.2020","27,00","27,18","27,26","26,68","3,87K","-0,55%"
"05.10.2020","27,15","27,63","27,70","26,78","2,04K","-0,33%"
"02.10.2020","27,24","26,55","27,63","26,18","2,34K","1,95%"
"01.10.2020","26,72","27,34","27,34","26,48","4,65K","-1,55%"
"30.09.2020","27,14","26,71","27,35","26,67","5,18K","0,52%"
"29.09.2020","27,00","27,80","27,83","26,91","2,38K","-3,30%"
"28.09.2020","27,92","26,47","27,98","26,15","4,89K","5,84%"
"25.09.2020","26,38","27,10","27,10","26,23","4,35K","-2,33%"
"24.09.2020","27,01","26,65","27,12","26,20","7,59K","1,05%"
"23.09.2020","26,73","28,20","28,28","26,66","6,00K","-4,81%"
"22.09.2020","28,08","26,72","28,25","26,00","8,18K","5,33%"
"21.09.2020","26,66","28,06","28,07","26,38","5,42K","-5,70%"
"18.09.2020","28,27","28,72","29,15","28,09","1,91K","-1,57%"
"17.09.2020","28,72","30,08","30,08","28,67","4,38K","-5,15%"
"16.09.2020","30,28","30,20","30,40","29,41","6,03K","0,60%"
"15.09.2020","30,10","30,89","31,06","29,90","5,48K","-2,18%"
"14.09.2020","30,77","29,10","30,80","28,85","5,43K","7,74%"
"11.09.2020","28,56","28,78","28,80","27,82","2,42K","-0,59%"
"10.09.2020","28,73","27,84","28,73","27,66","5,99K","4,40%"
"09.09.2020","27,52","26,83","27,58","26,52","4,62K","1,44%"
"08.09.2020","27,13","27,75","28,30","27,07","2,91K","-0,95%"
"07.09.2020","27,39","27,76","27,96","27,01","3,25K","-1,12%"
"04.09.2020","27,70","28,91","29,25","27,60","0,92K","-4,75%"
"03.09.2020","29,08","28,40","29,44","28,40","3,60K","1,75%"
"02.09.2020","28,58","28,28","28,89","28,00","4,73K","1,71%"
"01.09.2020","28,10","29,13","29,26","28,08","5,74K","-3,17%"
"31.08.2020","29,02","30,40","30,42","28,69","0,55K","-2,88%"
"28.08.2020","29,88","29,29","30,22","29,15","2,44K","4,00%"
"27.08.2020","28,73","28,90","29,41","28,43","4,77K","-0,83%"
"26.08.2020","28,97","28,90","29,46","28,72","1,69K","0,03%"
"25.08.2020","28,96","27,95","29,12","27,81","9,29K","4,10%"
"24.08.2020","27,82","26,42","28,02","26,36","5,67K","7,08%"
"21.08.2020","25,98","25,93","26,01","25,65","1,86K","-0,99%"
"20.08.2020","26,24","26,58","26,58","26,00","5,52K","-1,24%"
"19.08.2020","26,57","26,89","27,18","26,43","4,10K","-1,19%"
"18.08.2020","26,89","26,67","27,14","26,40","1,80K","0,94%"
"17.08.2020","26,64","25,98","26,72","25,41","3,51K","3,14%"
"14.08.2020","25,83","25,79","25,86","25,32","2,73K","0,19%"
"13.08.2020","25,78","26,26","26,60","25,65","4,79K","-2,05%"
"12.08.2020","26,32","26,35","26,36","25,94","1,89K","-0,79%"
"11.08.2020","26,53","27,21","27,52","26,49","0,66K","-1,92%"
"10.08.2020","27,05","27,50","27,50","26,71","4,14K","1,05%"
"07.08.2020","26,77","26,61","27,05","26,34","0,77K","0,11%"
"06.08.2020","26,74","27,14","27,72","26,65","3,69K","-1,36%"
"05.08.2020","27,11","27,03","27,25","26,88","1,28K","-0,22%"
"04.08.2020","27,17","26,70","27,22","26,44","2,51K","2,61%"
"03.08.2020","26,48","26,67","26,85","25,89","0,99K","-0,60%"
"31.07.2020","26,64","26,23","27,06","26,19","2,59K","2,86%"
"30.07.2020","25,90","26,40","26,40","25,50","1,39K","-2,45%"
"29.07.2020","26,55","25,93","26,69","25,93","2,31K","1,69%"
"28.07.2020","26,11","25,70","26,25","25,40","1,51K","2,88%"
"27.07.2020","25,38","26,73","26,73","25,18","5,37K","-5,12%"
"24.07.2020","26,75","27,25","27,25","26,55","1,55K","-3,46%"
"23.07.2020","27,71","27,30","27,81","26,94","2,76K","2,59%"
"22.07.2020","27,01","26,88","27,14","26,13","4,98K","0,07%"
"21.07.2020","26,99","27,31","27,36","26,32","5,14K","1,54%"
"20.07.2020","26,58","27,98","28,10","26,35","2,90K","-5,81%"
"17.07.2020","28,22","27,35","28,10","27,06","5,40K","4,21%"
"16.07.2020","27,08","29,25","29,60","26,84","13,67K","-7,29%"
"15.07.2020","29,21","30,30","30,80","29,20","2,49K","-2,63%"
"14.07.2020","30,00","29,13","30,19","29,13","2,44K","1,08%"
"13.07.2020","29,68","29,42","31,10","29,38","5,12K","1,16%"
"10.07.2020","29,34","28,75","29,42","28,10","4,01K","1,45%"
"09.07.2020","28,92","29,62","29,94","28,66","1,93K","-2,40%"
"08.07.2020","29,63","29,23","29,60","28,55","8,20K","-0,24%"
"07.07.2020","29,70","29,96","30,17","29,43","6,06K","-1,03%"
"06.07.2020","30,01","28,43","30,02","28,43","3,71K","6,38%"
"03.07.2020","28,21","27,16","28,27","26,88","3,97K","1,99%"
"02.07.2020","27,66","27,50","28,15","27,11","8,46K","-1,25%"
"01.07.2020","28,01","27,10","28,36","27,05","7,09K","2,71%"
"30.06.2020","27,27","26,93","27,52","26,38","4,70K","1,22%"
"29.06.2020","26,94","24,88","27,04","24,80","5,89K","7,54%"
"26.06.2020","25,05","25,59","25,74","25,00","4,43K","-1,76%"
"25.06.2020","25,50","25,50","25,66","25,11","4,58K","-0,86%"
"24.06.2020","25,72","25,37","26,00","25,07","4,04K","-0,04%"
"23.06.2020","25,73","24,76","25,79","24,76","5,12K","3,50%"
"22.06.2020","24,86","24,14","24,93","24,12","4,43K","1,51%"
"19.06.2020","24,49","24,71","25,00","24,40","4,03K","-1,25%"
"18.06.2020","24,80","23,08","24,79","23,08","5,67K","7,36%"
"17.06.2020","23,10","23,27","23,47","22,71","4,87K","-0,13%"
"16.06.2020","23,13","22,74","23,59","22,74","6,79K","2,75%"
"15.06.2020","22,51","22,05","22,57","22,00","2,00K","0,72%"
"12.06.2020","22,35","22,40","22,77","22,14","1,85K","-1,15%"
"11.06.2020","22,61","23,04","23,04","22,48","2,42K","-2,75%"
"10.06.2020","23,25","22,82","23,29","22,52","5,83K","1,88%"
"09.06.2020","22,82","23,11","23,11","22,66","4,19K","-1,00%"
"08.06.2020","23,05","23,51","23,51","22,95","3,02K","-2,29%"
"05.06.2020","23,59","22,54","23,61","22,38","2,15K","4,57%"
"04.06.2020","22,56","22,19","22,69","22,16","2,79K","0,58%"
"03.06.2020","22,43","22,45","22,52","22,04","1,15K","0,04%"
"02.06.2020","22,42","21,26","22,44","21,26","2,50K","5,11%"
"01.06.2020","21,33","21,71","21,71","21,30","0,35K","-1,98%"
"29.05.2020","21,76","21,90","22,20","21,68","0,93K","0,65%"
"28.05.2020","21,62","21,60","21,68","21,26","4,39K","-0,37%"
"27.05.2020","21,70","21,90","21,90","21,59","2,76K","-1,23%"
"26.05.2020","21,97","21,94","22,52","21,76","3,19K","0,05%"
"25.05.2020","21,96","21,99","22,04","21,62","0,81K","0,87%"
"22.05.2020","21,77","21,33","21,77","20,95","1,21K","1,02%"
"21.05.2020","21,55","21,66","21,98","21,50","0,97K","-0,37%"
"20.05.2020","21,63","20,35","21,64","20,33","1,32K","6,39%"
"19.05.2020","20,33","20,69","20,69","20,28","2,45K","-1,83%"
"18.05.2020","20,71","19,78","20,71","19,75","1,91K","5,99%"
"15.05.2020","19,54","19,65","19,65","19,35","3,19K","1,77%"
"14.05.2020","19,20","18,86","19,23","18,78","1,83K","0,84%"
"13.05.2020","19,04","18,86","19,17","18,74","3,80K","0,79%"
"12.05.2020","18,89","19,30","19,47","18,84","5,49K","-2,83%"
"11.05.2020","19,44","19,79","19,99","19,27","2,16K","-1,47%"
"08.05.2020","19,73","20,04","20,16","19,53","1,54K","-0,90%"
"07.05.2020","19,91","19,33","20,06","19,15","2,06K","2,73%"
"06.05.2020","19,38","19,34","19,71","19,11","3,18K","-0,41%"
"05.05.2020","19,46","19,97","20,08","19,28","2,35K","-1,32%"
"04.05.2020","19,72","19,23","19,69","19,01","1,53K","1,96%"
"01.05.2020","19,34","19,90","19,90","19,27","0,97K","-3,01%"
"30.04.2020","19,94","20,75","20,79","19,67","2,91K","-3,06%"
"29.04.2020","20,57","20,78","21,00","20,33","2,11K","-0,10%"
"28.04.2020","20,59","20,41","21,05","20,34","3,76K","-0,34%"
"27.04.2020","20,66","21,10","21,48","20,30","1,77K","-2,18%"
"24.04.2020","21,12","21,21","21,65","20,82","3,18K","-1,35%"
"23.04.2020","21,41","20,96","21,50","20,60","1,43K","1,76%"
"22.04.2020","21,04","19,99","21,63","19,85","6,38K","4,00%"
"21.04.2020","20,23","21,13","21,18","20,21","5,79K","-7,03%"
"20.04.2020","21,76","21,50","22,03","21,21","2,86K","-1,45%"
"17.04.2020","22,08","21,99","22,51","21,58","3,51K","3,61%"
"16.04.2020","21,31","19,97","21,49","19,96","3,67K","8,50%"
"15.04.2020","19,64","20,10","20,10","19,32","2,71K","-2,68%"
"14.04.2020","20,18","21,51","21,55","20,05","3,81K","-5,96%"
"09.04.2020","21,46","21,81","22,08","21,25","2,24K","-0,33%"
"08.04.2020","21,53","20,65","21,62","20,43","4,02K","3,06%"
"07.04.2020","20,89","21,02","22,07","20,80","5,57K","0,58%"
"06.04.2020","20,77","18,77","20,85","18,71","8,30K","13,31%"
"03.04.2020","18,33","18,16","18,81","18,15","2,40K","-0,49%"
"02.04.2020","18,42","17,88","18,53","17,55","3,23K","5,68%"
"01.04.2020","17,43","17,55","17,65","17,17","1,87K","-3,33%"
"31.03.2020","18,03","17,67","18,39","17,67","3,50K","3,56%"
"30.03.2020","17,41","16,55","17,59","16,50","4,78K","4,00%"
"27.03.2020","16,74","17,54","17,54","16,65","5,21K","-5,42%"
"26.03.2020","17,70","17,54","18,03","16,75","2,52K","-0,90%"
"25.03.2020","17,86","17,27","17,97","16,38","3,14K","4,38%"
"24.03.2020","17,11","16,53","17,56","16,11","3,42K","7,75%"
"23.03.2020","15,88","16,05","16,05","14,71","8,82K","-3,41%"
"20.03.2020","16,44","17,03","17,25","16,08","5,74K","-1,91%"
"19.03.2020","16,76","16,50","17,03","15,70","10,78K","6,68%"
"18.03.2020","15,71","17,88","17,89","15,45","14,34K","-15,94%"
"17.03.2020","18,69","20,01","20,45","18,20","10,02K","-5,22%"
"16.03.2020","19,72","21,97","21,97","19,41","7,30K","-10,93%"
"13.03.2020","22,14","22,77","23,25","21,98","2,29K","-2,55%"
"12.03.2020","22,72","24,00","24,00","22,69","4,26K","-5,73%"
"11.03.2020","24,10","24,22","24,24","23,72","3,57K","-0,74%"
"10.03.2020","24,28","23,68","24,33","23,54","2,26K","3,50%"
"09.03.2020","23,46","23,35","23,48","22,54","2,98K","-0,59%"
"06.03.2020","23,60","23,92","23,92","23,55","1,52K","-1,63%"
"05.03.2020","23,99","24,07","24,37","23,75","1,11K","-0,12%"
"04.03.2020","24,02","23,54","24,20","23,43","1,46K","2,00%"
"03.03.2020","23,55","23,73","23,93","23,44","1,16K","-0,67%"
"02.03.2020","23,71","24,17","24,40","23,49","0,72K","-0,38%"
"28.02.2020","23,80","23,67","23,82","23,37","2,32K","0,08%"
"27.02.2020","23,78","24,10","24,13","23,70","3,88K","-2,74%"
"26.02.2020","24,45","24,24","24,58","23,89","1,62K","0,29%"
"25.02.2020","24,38","24,93","24,93","24,37","1,84K","-1,57%"
"24.02.2020","24,77","25,41","25,42","24,58","1,97K","-3,99%"
"21.02.2020","25,80","25,77","25,79","25,37","4,14K","-0,12%"
"20.02.2020","25,83","25,85","26,01","25,64","4,72K","-0,27%"
"19.02.2020","25,90","25,59","25,96","25,22","0,36K","2,25%"
"18.02.2020","25,33","25,22","25,47","24,95","1,21K","0,36%"
"17.02.2020","25,24","24,43","25,23","24,27","0,47K","3,10%"
"14.02.2020","24,48","24,66","24,82","24,37","2,52K","-0,45%"
"13.02.2020","24,59","23,98","24,66","23,82","2,30K","2,16%"
"12.02.2020","24,07","23,49","24,15","23,35","0,58K","2,43%"
"11.02.2020","23,50","23,45","23,80","23,32","0,70K","0,69%"
"10.02.2020","23,34","23,52","23,52","23,17","1,31K","-0,72%"
"07.02.2020","23,51","23,61","23,78","23,42","1,52K","-0,97%"
"06.02.2020","23,74","24,16","24,20","23,39","1,67K","-0,88%"
"05.02.2020","23,95","23,53","24,06","23,30","1,13K","1,74%"
"04.02.2020","23,54","23,40","23,62","23,10","1,34K","0,64%"
"03.02.2020","23,39","24,01","24,01","23,19","1,49K","-2,78%"
"31.01.2020","24,06","23,91","24,19","23,65","2,93K","0,63%"
"30.01.2020","23,91","24,00","24,09","23,63","4,27K","-1,08%"
"29.01.2020","24,17","24,71","24,75","24,09","1,66K","-2,62%"
"28.01.2020","24,82","24,78","24,90","24,50","1,04K","0,20%"
"27.01.2020","24,77","24,53","24,80","24,29","0,44K","0,81%"
"24.01.2020","24,57","24,94","25,04","24,40","1,88K","-1,33%"
"23.01.2020","24,90","25,20","25,21","24,56","3,64K","-1,27%"
"22.01.2020","25,22","25,11","25,76","25,11","0,78K","0,36%"
"21.01.2020","25,13","25,22","25,69","25,06","0,56K","-0,99%"
"20.01.2020","25,38","25,45","26,07","25,25","1,03K","-1,09%"
"17.01.2020","25,66","25,00","25,87","24,99","1,38K","2,39%"
"16.01.2020","25,06","24,90","25,32","24,79","0,96K","1,33%"
"15.01.2020","24,73","24,14","24,80","24,11","1,51K","2,78%"
"14.01.2020","24,06","24,00","24,10","23,82","0,61K","-1,19%"
"13.01.2020","24,35","24,38","24,65","24,16","0,43K","-0,29%"
"10.01.2020","24,42","25,11","25,11","24,33","1,11K","-1,85%"
"09.01.2020","24,88","24,20","25,01","24,15","1,15K","2,47%"
"08.01.2020","24,28","24,65","24,81","24,26","0,59K","-1,90%"
"07.01.2020","24,75","24,13","24,74","24,13","0,50K","1,31%"
"06.01.2020","24,43","25,48","25,50","24,30","0,56K","-2,98%"
"03.01.2020","25,18","24,95","25,15","24,74","0,30K","2,44%"
"02.01.2020","24,58","24,90","24,98","24,44","0,54K","-1,13%"
"31.12.2019","24,86","25,48","25,51","24,79","0,15K","-1,78%"
"30.12.2019","25,31","26,80","26,80","25,54","0,33K","-6,02%"
"27.12.2019","26,93","26,63","26,97","26,59","0,04K","2,40%"
"26.12.2019","26,30","25,96","25,96","25,96","-","0,00%"
"24.12.2019","26,30","26,38","26,54","25,99","0,25K","-1,72%"
"23.12.2019","26,76","27,08","27,34","26,71","1,35K","-0,48%"
"20.12.2019","26,89","26,88","26,91","26,22","0,70K","-0,63%"
"19.12.2019","27,06","26,96","27,15","26,69","0,92K","0,93%"
"18.12.2019","26,81","26,18","26,87","26,18","1,60K","1,98%"
"17.12.2019","26,29","25,43","26,52","25,27","1,29K","4,33%"
"16.12.2019","25,20","24,02","25,22","24,02","0,72K","3,36%"
"13.12.2019","24,38","25,69","26,21","24,40","1,13K","-4,24%"
"12.12.2019","25,46","24,84","25,58","24,55","2,12K","2,41%"
"11.12.2019","24,86","25,40","25,49","24,95","2,77K","-1,89%"
"10.12.2019","25,34","25,50","25,56","25,33","3,93K","-0,74%"
"09.12.2019","25,53","25,03","25,70","24,83","1,17K","0,75%"
"06.12.2019","25,34","25,05","25,43","25,01","2,60K","1,00%"
"05.12.2019","25,09","24,90","25,15","24,68","0,49K","-0,20%"
"04.12.2019","25,14","24,24","25,10","24,24","1,79K","3,03%"
"03.12.2019","24,40","24,64","24,95","24,36","0,79K","-1,29%"
"02.12.2019","24,72","25,52","25,52","24,61","0,27K","-3,48%"
"29.11.2019","25,61","25,45","25,55","25,19","2,23K","0,83%"
"28.11.2019","25,40","25,43","25,60","25,34","0,35K","-0,43%"
"27.11.2019","25,51","24,87","25,41","24,80","1,63K","2,95%"
"26.11.2019","24,78","24,63","24,84","24,55","1,40K","-0,20%"
"25.11.2019","24,83","25,27","25,27","24,70","0,42K","-0,56%"
"22.11.2019","24,97","24,40","25,00","24,40","4,12K","2,67%"
"21.11.2019","24,32","24,40","24,50","24,30","1,49K","-0,37%"
"20.11.2019","24,41","23,76","24,43","23,63","0,87K","2,43%"
"19.11.2019","23,83","23,65","24,22","23,65","1,63K","0,17%"
"18.11.2019","23,79","24,04","24,04","23,76","2,94K","-1,82%"
"15.11.2019","24,23","24,30","24,30","23,81","2,17K","-0,41%"
"14.11.2019","24,33","24,88","24,88","23,96","0,40K","-1,74%"
"13.11.2019","24,76","24,43","24,81","24,35","0,70K","1,10%"
"12.11.2019","24,49","25,56","25,56","24,23","0,71K","-3,24%"
"11.11.2019","25,31","25,69","25,70","25,31","1,26K","0,32%"
"08.11.2019","25,23","25,20","25,42","24,96","1,17K","-0,39%"
"07.11.2019","25,33","25,40","25,68","25,27","0,30K","0,56%"
"06.11.2019","25,19","25,59","25,76","25,29","0,39K","-2,78%"
"05.11.2019","25,91","26,33","26,33","25,84","0,62K","-0,46%"
"04.11.2019","26,03","25,45","25,69","25,34","0,47K","1,28%"
"01.11.2019","25,70","26,32","26,34","25,50","1,17K","-1,27%"
"31.10.2019","26,03","26,60","26,60","26,10","5,41K","-1,51%"
"30.10.2019","26,43","25,99","26,43","25,99","3,45K","2,01%"
"29.10.2019","25,91","25,80","26,25","25,70","6,80K","1,25%"
"28.10.2019","25,59","25,30","25,55","25,18","0,71K","0,51%"
"25.10.2019","25,46","25,70","25,71","25,40","2,08K","-1,85%"
"24.10.2019","25,94","24,95","25,99","24,95","0,84K","2,73%"
"23.10.2019","25,25","25,69","25,80","25,55","0,49K","-3,52%"
"22.10.2019","26,17","26,35","26,37","26,14","1,97K","-1,10%"
"21.10.2019","26,46","26,75","26,79","26,47","0,48K","0,11%"
"18.10.2019","26,43","26,61","26,61","26,03","1,24K","-0,71%"
"17.10.2019","26,62","26,42","26,97","26,20","2,74K","-0,89%"
"16.10.2019","26,86","25,97","26,85","25,85","1,23K","2,25%"
"15.10.2019","26,27","25,00","25,30","24,94","0,87K","6,40%"
"14.10.2019","24,69","24,58","24,58","24,15","0,81K","-1,16%"
"11.10.2019","24,98","24,36","24,71","24,33","0,74K","4,96%"
"10.10.2019","23,80","23,20","23,49","23,09","2,16K","2,54%"
"09.10.2019","23,21","22,76","23,28","22,63","1,27K","0,39%"
"08.10.2019","23,12","24,02","24,08","23,18","0,65K","-3,59%"
"07.10.2019","23,98","23,46","24,03","23,38","0,41K","1,91%"
"04.10.2019","23,53","23,98","24,19","23,49","0,72K","-1,13%"
"03.10.2019","23,80","24,77","24,78","23,71","1,19K","-4,03%"
"02.10.2019","24,80","25,49","25,49","24,77","1,11K","-3,31%"
"01.10.2019","25,65","25,02","25,72","25,02","0,87K","1,14%"
"30.09.2019","25,36","26,02","26,02","25,38","1,06K","-2,24%"
"27.09.2019","25,94","26,04","26,22","25,58","1,44K","-1,33%"
"26.09.2019","26,29","26,22","26,22","25,83","1,27K","1,66%"
"25.09.2019","25,86","25,98","26,03","25,75","0,78K","-1,18%"
"24.09.2019","26,17","26,26","26,51","26,21","0,29K","-0,98%"
"23.09.2019","26,43","27,20","27,28","26,39","0,18K","-2,76%"
"20.09.2019","27,18","26,90","27,10","26,90","0,18K","2,26%"
"19.09.2019","26,58","26,10","26,50","25,93","0,71K","1,96%"
"18.09.2019","26,07","26,22","26,35","25,89","0,61K","-2,91%"
"17.09.2019","26,85","27,70","27,76","26,67","1,31K","-3,00%"
"16.09.2019","27,68","27,55","27,76","27,24","1,28K","2,52%"
"13.09.2019","27,00","27,25","27,34","26,84","1,36K","-0,15%"
"12.09.2019","27,04","27,37","27,51","26,89","2,13K","0,60%"
"11.09.2019","26,88","27,29","27,95","26,79","1,95K","-1,57%"
"10.09.2019","27,31","25,55","27,43","25,54","1,45K","6,68%"
"09.09.2019","25,60","25,77","25,98","25,57","1,07K","-0,27%"
"06.09.2019","25,67","26,12","26,12","25,51","0,91K","-1,69%"
"05.09.2019","26,11","26,36","26,36","25,99","1,61K","0,04%"
"04.09.2019","26,10","26,42","26,56","26,08","2,05K","1,05%"
"03.09.2019","25,83","25,70","25,92","25,39","1,55K","0,12%"
"02.09.2019","25,80","26,65","26,66","25,54","0,53K","-4,27%"
"30.08.2019","26,95","27,35","27,52","26,83","0,83K","-0,63%"
"29.08.2019","27,12","26,74","27,17","26,45","0,19K","1,73%"
"28.08.2019","26,66","26,27","26,88","26,27","0,91K","2,22%"
"27.08.2019","26,08","26,31","26,31","25,93","3,29K","-1,66%"
"26.08.2019","26,52","26,03","26,49","26,03","0,52K","2,83%"
"23.08.2019","25,79","26,22","26,29","25,48","0,87K","-2,16%"
"22.08.2019","26,36","26,70","27,05","26,30","0,50K","-1,35%"
"21.08.2019","26,72","26,80","27,38","26,80","1,56K","-0,93%"
"20.08.2019","26,97","27,31","27,72","26,90","1,71K","-1,14%"
"19.08.2019","27,28","26,82","27,46","26,67","0,77K","2,29%"
"16.08.2019","26,67","26,81","27,20","26,70","2,23K","-0,19%"
"15.08.2019","26,72","27,92","27,92","26,67","1,34K","-3,36%"
"14.08.2019","27,65","27,67","28,19","27,15","0,96K","-0,65%"
"13.08.2019","27,83","27,46","27,79","26,95","0,75K","1,46%"
"12.08.2019","27,43","28,77","28,88","27,50","1,11K","-4,99%"
"09.08.2019","28,87","29,39","29,39","28,78","1,31K","-1,40%"
"08.08.2019","29,28","29,30","29,40","28,81","1,13K","0,83%"
"07.08.2019","29,04","29,13","29,63","28,60","0,28K","-0,51%"
"06.08.2019","29,19","29,26","29,76","29,14","0,63K","-1,08%"
"05.08.2019","29,51","29,73","29,73","29,40","0,51K","-1,89%"
"02.08.2019","30,08","30,19","30,30","29,86","2,25K","-0,69%"
"01.08.2019","30,29","28,92","30,31","28,92","0,64K","5,03%"
"31.07.2019","28,84","29,19","29,19","28,60","1,44K","0,28%"
"30.07.2019","28,76","29,20","29,30","28,79","1,33K","-1,84%"
"29.07.2019","29,30","29,45","30,02","29,45","3,06K","0,34%"
"26.07.2019","29,20","29,98","30,00","29,12","0,42K","-2,47%"
"25.07.2019","29,94","30,12","30,63","29,98","2,27K","-0,63%"
"24.07.2019","30,13","30,75","30,75","30,24","1,12K","-2,05%"
"23.07.2019","30,76","29,95","30,70","29,75","0,40K","2,70%"
"22.07.2019","29,95","30,01","30,15","29,55","0,51K","0,34%"
"19.07.2019","29,85","28,70","29,61","28,70","0,70K","3,97%"
"18.07.2019","28,71","29,45","29,45","29,00","0,48K","-2,41%"
"17.07.2019","29,42","29,49","29,69","29,14","1,68K","0,00%"
"16.07.2019","29,42","30,18","30,37","29,49","1,49K","-1,90%"
"15.07.2019","29,99","29,98","30,45","29,81","1,60K","0,94%"
"12.07.2019","29,71","29,08","29,75","29,08","0,94K","1,78%"
"11.07.2019","29,19","29,40","29,51","28,94","2,35K","0,21%"
"10.07.2019","29,13","27,45","28,60","27,44","2,29K","6,24%"
"09.07.2019","27,42","27,57","27,84","27,50","1,04K","-0,90%"
"08.07.2019","27,67","27,45","27,75","27,45","0,80K","1,69%"
"05.07.2019","27,21","26,80","27,14","26,60","0,56K","1,38%"
"04.07.2019","26,84","27,40","27,43","26,82","0,37K","-1,79%"
"03.07.2019","27,33","27,50","27,60","27,15","0,67K","-0,73%"
"02.07.2019","27,53","27,91","28,10","27,56","0,37K","-0,69%"
"01.07.2019","27,72","27,61","27,95","27,60","0,39K","2,48%"
"28.06.2019","27,05","27,33","27,45","27,14","0,98K","-2,35%"
"27.06.2019","27,70","28,20","28,20","27,80","4,02K","-1,77%"
"26.06.2019","28,20","27,48","28,20","27,39","4,01K","3,64%"
"25.06.2019","27,21","27,58","27,58","27,02","4,31K","0,29%"
"24.06.2019","27,13","26,29","27,14","26,29","2,48K","4,23%"
"21.06.2019","26,03","25,70","25,90","25,70","0,17K","0,85%"
"20.06.2019","25,81","25,70","25,70","25,62","0,09K","0,55%"
"19.06.2019","25,67","26,00","26,00","25,64","1,30K","-0,58%"
"18.06.2019","25,82","25,59","26,02","25,59","0,52K","0,39%"
"17.06.2019","25,72","25,69","25,83","25,64","0,44K","-0,04%"
"14.06.2019","25,73","25,55","25,63","25,50","0,72K","0,39%"
"13.06.2019","25,63","25,65","25,73","25,62","0,21K","0,59%"
"12.06.2019","25,48","25,40","25,49","25,30","0,75K","-0,74%"
"11.06.2019","25,67","25,95","26,04","25,60","6,14K","-0,96%"
"10.06.2019","25,92","25,50","25,95","25,50","0,04K","2,78%"
"07.06.2019","25,22","25,06","25,24","24,94","0,63K","2,31%"
"06.06.2019","24,65","24,73","24,86","24,51","3,51K","-0,84%"
"05.06.2019","24,86","25,10","25,27","24,95","0,97K","-1,19%"
"04.06.2019","25,16","24,39","24,81","24,39","2,49K","3,41%"
"03.06.2019","24,33","24,80","24,83","24,35","0,38K","-2,76%"
"31.05.2019","25,02","25,06","25,32","24,95","0,17K","-3,29%"
"30.05.2019","25,87","26,16","26,16","25,81","0,10K","-0,88%"
"29.05.2019","26,10","25,91","26,44","25,89","0,30K","0,19%"
"28.05.2019","26,05","26,10","26,20","25,69","1,27K","-0,38%"
"27.05.2019","26,15","25,67","26,19","25,58","0,11K","0,46%"
"24.05.2019","26,03","26,50","26,50","25,95","0,20K","-2,22%"
"23.05.2019","26,62","26,76","26,76","26,21","2,08K","-1,15%"
"22.05.2019","26,93","26,02","26,56","26,00","0,06K","3,82%"
"21.05.2019","25,94","25,60","25,85","25,55","0,30K","0,74%"
"20.05.2019","25,75","25,60","25,70","25,37","0,05K","0,82%"
"17.05.2019","25,54","25,95","25,95","25,41","0,20K","-2,26%"
"16.05.2019","26,13","26,38","26,38","26,21","0,12K","-1,51%"
"15.05.2019","26,53","26,49","26,49","25,85","0,44K","0,34%"
"14.05.2019","26,44","25,56","26,32","25,50","0,08K","3,28%"
"13.05.2019","25,60","26,11","26,75","26,11","0,62K","-2,25%"
"10.05.2019","26,19","27,11","27,11","26,30","0,16K","-3,43%"
"09.05.2019","27,12","27,36","27,42","27,23","0,09K","-1,53%"
"08.05.2019","27,54","26,85","27,41","26,64","0,15K","1,89%"
"07.05.2019","27,03","26,35","26,91","26,30","0,22K","4,04%"
"06.05.2019","25,98","24,79","25,50","24,50","-","0,58%"
"03.05.2019","25,83","25,20","25,65","25,02","0,55K","1,97%"
"02.05.2019","25,33","26,00","26,06","25,30","0,48K","-4,13%"
"01.05.2019","26,42","26,40","26,47","26,37","0,37K","-1,97%"
"30.04.2019","26,95","26,61","27,00","26,60","0,07K","-0,41%"
"29.04.2019","27,06","26,95","26,95","26,95","0,03K","1,84%"
"26.04.2019","26,57","27,59","27,59","26,48","0,43K","-5,17%"
"25.04.2019","28,02","27,85","27,90","27,65","1,12K","-0,43%"
"24.04.2019","28,14","28,00","28,16","27,62","0,83K","-0,53%"
"23.04.2019","28,29","28,20","28,30","28,20","1,06K","2,39%"
"18.04.2019","27,63","28,10","28,10","27,58","0,72K","-2,06%"
"17.04.2019","28,21","27,95","28,49","27,95","0,22K","1,66%"
"16.04.2019","27,75","27,54","27,70","27,54","1,42K","0,73%"
"15.04.2019","27,55","27,84","27,84","27,58","0,11K","0,84%"
"12.04.2019","27,32","28,00","28,00","27,58","0,41K","-2,74%"
"11.04.2019","28,09","26,87","27,89","26,69","0,79K","4,46%"
"10.04.2019","26,89","27,04","27,47","26,60","0,60K","2,28%"
"09.04.2019","26,29","25,87","26,15","25,78","1,40K","4,95%"
"08.04.2019","25,05","25,28","25,28","24,87","0,18K","-1,22%"
"05.04.2019","25,36","25,08","25,08","25,02","0,21K","0,67%"
"04.04.2019","25,19","24,48","25,14","24,48","0,73K","5,27%"
"03.04.2019","23,93","23,47","23,70","23,31","0,92K","5,23%"
"02.04.2019","22,74","22,50","22,88","22,30","0,67K","0,35%"
"01.04.2019","22,66","22,00","22,41","21,80","0,20K","1,61%"
"29.03.2019","22,30","23,04","23,04","22,13","0,20K","-3,17%"
"28.03.2019","23,03","22,53","23,18","22,39","0,51K","1,81%"
"27.03.2019","22,62","22,47","22,81","22,40","1,36K","1,34%"
"26.03.2019","22,32","22,05","22,26","21,85","0,21K","2,86%"
"25.03.2019","21,70","21,54","21,80","21,54","0,18K","1,12%"
"22.03.2019","21,46","21,68","21,82","21,38","1,17K","-1,33%"
"21.03.2019","21,75","22,26","22,45","21,80","0,51K","-3,20%"
"20.03.2019","22,47","21,70","22,58","21,70","1,19K","2,37%"
"19.03.2019","21,95","22,40","22,50","22,00","0,06K","-3,13%"
"18.03.2019","22,66","22,71","22,77","22,02","0,93K","-2,87%"
"15.03.2019","23,33","23,79","23,88","23,24","0,46K","-1,19%"
"14.03.2019","23,61","23,35","23,51","23,12","0,17K","2,08%"
"13.03.2019","23,13","22,90","23,34","22,89","2,85K","-0,34%"
"12.03.2019","23,21","23,67","23,67","23,20","3,67K","0,04%"
"11.03.2019","23,20","23,59","23,59","23,10","0,20K","-3,09%"
"08.03.2019","23,94","24,40","24,40","23,75","0,12K","-0,99%"
"07.03.2019","24,18","22,90","23,70","22,90","0,11K","5,04%"
"06.03.2019","23,02","23,72","23,81","23,05","0,34K","-3,32%"
"05.03.2019","23,81","24,28","24,28","23,61","0,44K","-0,75%"
"04.03.2019","23,99","22,85","24,12","22,85","0,29K","3,76%"
"01.03.2019","23,12","22,26","22,80","22,26","0,15K","2,66%"
"28.02.2019","22,52","22,13","22,82","21,80","0,36K","1,95%"
"27.02.2019","22,09","21,45","22,12","21,45","0,19K","7,91%"
"26.02.2019","20,47","20,30","20,68","20,28","1,31K","2,09%"
"25.02.2019","20,05","19,95","20,16","19,86","4,78K","1,37%"
"22.02.2019","19,78","19,57","19,88","19,45","4,73K","0,46%"
"21.02.2019","19,69","21,15","21,18","19,70","0,66K","-8,03%"
"20.02.2019","21,41","21,30","21,40","21,09","0,20K","1,09%"
"19.02.2019","21,18","21,18","21,18","21,18","0,00K","1,00%"
"18.02.2019","20,97","21,08","21,08","20,86","0,63K","-1,96%"
"15.02.2019","21,39","21,10","21,50","21,10","0,13K","3,18%"
"14.02.2019","20,73","21,93","21,98","20,75","0,06K","-5,21%"
"13.02.2019","21,87","21,24","21,95","20,80","1,23K","1,06%"
"12.02.2019","21,64","23,35","23,35","21,62","0,99K","-7,24%"
"11.02.2019","23,33","22,95","23,35","22,62","2,31K","0,09%"
"08.02.2019","23,31","24,42","24,46","23,20","0,42K","-4,55%"
"07.02.2019","24,42","24,51","24,60","24,22","0,72K","-0,89%"
"06.02.2019","24,64","24,18","24,97","24,18","9,42K","2,16%"
"05.02.2019","24,12","24,43","24,43","23,91","1,84K","0,50%"
"04.02.2019","24,00","22,61","23,41","22,39","0,77K","4,71%"
"01.02.2019","22,92","22,65","23,20","22,65","0,14K","-1,50%"
"31.01.2019","23,27","23,85","23,85","23,20","0,55K","-3,36%"
"30.01.2019","24,08","24,25","24,28","23,85","0,85K","-1,47%"
"29.01.2019","24,44","23,44","24,35","23,44","0,60K","2,52%"
"28.01.2019","23,84","24,87","24,87","23,92","0,17K","-4,68%"
"25.01.2019","25,01","24,70","24,93","24,58","0,05K","-0,64%"
"24.01.2019","25,17","25,67","25,67","25,16","0,17K","-2,37%"
"23.01.2019","25,78","26,23","26,28","25,76","0,10K","-1,79%"
"22.01.2019","26,25","25,70","26,36","25,70","0,09K","2,78%"
"21.01.2019","25,54","25,60","25,60","25,10","0,03K","-1,58%"
"18.01.2019","25,95","24,62","24,65","24,62","0,11K","4,98%"
"17.01.2019","24,72","24,60","24,98","24,60","0,83K","0,94%"
"16.01.2019","24,49","24,05","24,50","24,05","0,33K","3,38%"
"15.01.2019","23,69","23,77","23,77","23,59","0,29K","0,25%"
"14.01.2019","23,63","23,29","23,62","23,29","2,17K","-0,76%"
"11.01.2019","23,81","23,59","23,94","23,50","0,21K","2,54%"
"10.01.2019","23,22","23,00","23,22","22,75","1,53K","0,26%"
"09.01.2019","23,16","24,16","24,16","23,16","2,36K","-3,50%"
"08.01.2019","24,00","23,85","24,00","23,85","1,40K","2,39%"
"07.01.2019","23,44","24,51","24,51","23,43","3,21K","-5,86%"
"04.01.2019","24,90","24,97","24,99","24,50","0,01K","1,55%"
"03.01.2019","24,52","26,30","26,31","24,53","0,14K","-7,72%"
"02.01.2019","26,57","26,60","26,60","26,60","0,06K","1,03%"
"31.12.2018","26,30","26,60","26,60","26,60","0,01K","0,15%"
"28.12.2018","26,26","26,30","26,30","26,30","0,02K","-0,23%"
"27.12.2018","26,32","26,18","26,18","26,18","0,00K","-0,68%"
"24.12.2018","26,50","26,54","26,69","26,54","0,14K","1,07%"
"21.12.2018","26,22","25,65","25,75","25,65","0,05K","1,71%"
"20.12.2018","25,78","25,67","25,69","25,67","0,11K","-0,46%"
"19.12.2018","25,90","26,30","26,30","25,73","0,99K","0,94%"
"18.12.2018","25,66","25,13","25,73","25,13","1,53K","-1,04%"
"17.12.2018","25,93","25,75","25,75","25,75","1,76K","3,64%"
"14.12.2018","25,02","25,40","25,40","25,40","0,06K","4,51%"
"13.12.2018","23,94","23,71","23,76","23,68","0,14K","3,64%"
"12.12.2018","23,10","21,65","21,92","21,60","1,69K","6,06%"
"11.12.2018","21,78","22,72","22,72","21,59","0,21K","-3,11%"
"10.12.2018","22,48","21,55","22,09","21,55","0,17K","2,65%"
"07.12.2018","21,90","21,95","22,03","21,46","0,07K","1,34%"
"06.12.2018","21,61","21,00","21,62","19,80","0,30K","1,55%"
"05.12.2018","21,28","22,13","22,13","21,16","1,51K","-4,79%"
"04.12.2018","22,35","21,85","22,28","21,85","0,30K","0,59%"
"03.12.2018","22,22","22,23","22,28","22,23","0,37K","0,68%"
"30.11.2018","22,07","21,95","22,12","21,73","0,12K","2,18%"
"29.11.2018","21,60","21,11","21,43","21,11","1,06K","3,25%"
"28.11.2018","20,92","21,26","21,26","20,85","0,03K","-1,51%"
"27.11.2018","21,24","21,22","21,50","21,21","0,04K","-0,93%"
"26.11.2018","21,44","21,51","21,51","20,75","1,94K","-1,74%"
"23.11.2018","21,82","22,95","22,95","22,78","0,05K","-3,28%"
"22.11.2018","22,56","22,41","22,50","22,41","0,10K","1,94%"
"21.11.2018","22,13","21,49","22,02","21,47","0,86K","5,23%"
"20.11.2018","21,03","21,00","21,10","21,00","0,01K","2,74%"
"19.11.2018","20,47","20,45","20,45","20,26","0,25K","-1,11%"
"16.11.2018","20,70","21,17","21,32","21,05","0,29K","0,49%"
"15.11.2018","20,60","20,20","20,58","20,00","0,19K","-3,20%"
"14.11.2018","21,28","21,38","21,49","21,14","0,41K","-1,85%"
"13.11.2018","21,68","21,64","21,96","21,30","0,34K","-1,77%"
"12.11.2018","22,07","21,70","22,05","21,65","0,55K","5,25%"
"09.11.2018","20,97","21,05","21,05","20,80","0,35K","-0,47%"
"08.11.2018","21,07","20,85","21,23","20,75","1,43K","4,88%"
"07.11.2018","20,09","19,42","19,99","19,42","0,25K","5,68%"
"06.11.2018","19,01","18,71","19,00","18,71","1,53K","2,20%"
"05.11.2018","18,60","17,97","17,97","17,97","1,74K","0,87%"
"02.11.2018","18,44","17,50","18,50","17,35","0,30K","8,85%"
"01.11.2018","16,94","17,10","17,10","16,50","0,03K","-4,78%"
"31.10.2018","17,79","17,50","17,73","17,24","1,19K","2,42%"
"30.10.2018","17,37","18,28","18,28","16,73","1,75K","-4,09%"
"29.10.2018","18,11","19,74","19,78","18,41","0,51K","-8,49%"
"26.10.2018","19,79","20,65","20,66","19,87","0,19K","-4,07%"
"25.10.2018","20,63","20,60","20,69","20,60","0,04K","-2,73%"
"24.10.2018","21,21","20,95","21,29","20,95","0,19K","1,24%"
"23.10.2018","20,95","20,84","21,00","20,84","0,51K","0,14%"
"22.10.2018","20,92","21,10","21,31","21,08","0,52K","-3,33%"
"19.10.2018","21,64","21,92","21,92","21,75","0,46K","-0,18%"
"18.10.2018","21,68","20,85","21,70","20,20","1,41K","2,60%"
"17.10.2018","21,13","20,95","21,47","20,94","0,25K","-0,98%"
"16.10.2018","21,34","20,52","21,44","20,05","3,99K","2,74%"
"15.10.2018","20,77","22,90","23,20","21,51","2,74K","-9,81%"
"12.10.2018","23,03","22,75","23,01","22,75","0,17K","2,45%"
"11.10.2018","22,48","22,00","22,05","21,47","0,23K","0,81%"
"10.10.2018","22,30","23,10","23,42","22,53","0,34K","-7,04%"
"09.10.2018","23,99","24,98","24,98","24,38","0,23K","-4,57%"
"08.10.2018","25,14","25,04","25,45","25,02","0,57K","0,68%"
"05.10.2018","24,97","24,34","24,35","24,30","0,10K","3,78%"
"04.10.2018","24,06","23,84","24,20","23,80","0,70K","0,92%"
"03.10.2018","23,84","20,91","21,26","20,42","31,02K","0,85%"
"02.10.2018","23,64","24,15","24,27","24,15","0,11K","-1,13%"
"01.10.2018","23,91","23,31","23,50","23,31","0,00K","1,18%"
"28.09.2018","23,63","23,50","23,64","23,50","0,01K","2,56%"
"27.09.2018","23,04","22,42","22,42","22,42","0,01K","2,58%"
"26.09.2018","22,46","22,38","22,62","22,38","0,45K","-3,93%"
"25.09.2018","23,38","24,20","24,20","23,06","0,41K","-4,18%"
"24.09.2018","24,40","24,34","24,45","24,25","0,21K","1,62%"
"21.09.2018","24,01","23,66","23,66","23,66","0,06K","0,67%"
"20.09.2018","23,85","24,05","24,05","24,05","0,00K","2,71%"
"19.09.2018","23,22","21,68","21,68","21,68","0,02K","5,74%"
"18.09.2018","21,96","21,94","21,94","21,94","0,18K","-2,70%"
"17.09.2018","22,57","21,82","22,10","21,82","0,56K","4,83%"
"14.09.2018","21,53","20,00","22,00","20,00","0,01K","5,54%"
"13.09.2018","20,40","23,76","23,76","20,63","0,61K","-16,63%"
"12.09.2018","24,47","25,30","25,77","24,64","0,64K","-4,82%"
"11.09.2018","25,71","26,75","26,75","25,68","0,56K","-3,67%"
"10.09.2018","26,69","26,50","26,70","26,50","0,28K","8,45%"
"07.09.2018","24,61","23,59","24,66","23,59","0,25K","7,70%"
"06.09.2018","22,85","22,14","22,80","22,10","0,16K","5,11%"
"05.09.2018","21,74","21,28","21,83","21,28","0,15K","0,88%"
"04.09.2018","21,55","21,95","21,95","21,51","0,04K","-0,19%"
"03.09.2018","21,59","22,05","22,05","21,52","0,07K","-4,13%"
"31.08.2018","22,52","22,58","22,80","22,45","0,20K","-0,49%"
"30.08.2018","22,63","22,66","22,98","22,61","0,53K","0,31%"
"29.08.2018","22,56","20,96","21,00","20,96","0,52K","1,48%"
"28.08.2018","22,23","21,37","21,40","21,37","0,04K","-2,59%"
"27.08.2018","22,82","22,50","22,66","22,50","0,08K","2,89%"
"24.08.2018","22,18","21,95","21,95","21,67","0,68K","1,65%"
"23.08.2018","21,82","21,82","22,06","21,76","0,40K","3,02%"
"22.08.2018","21,18","21,14","21,14","21,08","0,02K","2,47%"
"21.08.2018","20,67","19,86","20,70","19,84","0,69K","4,34%"
"20.08.2018","19,81","19,55","19,80","19,53","2,48K","1,90%"
"17.08.2018","19,44","19,54","19,54","19,45","0,23K","0,83%"
"16.08.2018","19,28","19,51","19,51","19,35","0,03K","-0,52%"
"15.08.2018","19,38","19,45","19,50","19,42","0,13K","-0,21%"
"14.08.2018","19,42","19,21","19,39","19,18","0,32K","0,41%"
"13.08.2018","19,34","19,25","19,36","19,25","0,29K","0,99%"
"10.08.2018","19,15","18,78","19,16","18,77","0,85K","1,54%"
"09.08.2018","18,86","18,86","18,87","18,86","0,00K","1,07%"
"08.08.2018","18,66","18,77","18,86","18,73","0,92K","-0,74%"
"07.08.2018","18,80","18,85","18,87","18,64","0,48K","-0,32%"
"06.08.2018","18,86","18,95","19,08","18,90","0,10K","-0,53%"
"03.08.2018","18,96","19,01","19,07","18,95","0,60K","0,16%"
"02.08.2018","18,93","17,84","17,85","17,52","7,12K","-0,84%"
"01.08.2018","19,09","18,82","19,10","18,82","0,51K","1,87%"
"31.07.2018","18,74","18,21","18,54","18,15","0,05K","1,90%"
"30.07.2018","18,39","18,40","18,40","18,30","0,04K","-0,38%"
"27.07.2018","18,46","18,41","18,41","18,30","0,05K","-0,75%"
"26.07.2018","18,60","18,53","18,53","18,35","0,04K","-0,27%"
"25.07.2018","18,65","18,54","18,75","18,50","0,83K","1,47%"
"24.07.2018","18,38","17,39","17,59","17,07","17,82K","-0,70%"
"23.07.2018","18,51","18,51","18,55","18,51","0,44K","1,82%"
"20.07.2018","18,18","18,18","18,18","18,18","0,14K","1,11%"
"19.07.2018","17,98","17,66","18,04","17,66","0,10K","2,57%"
"18.07.2018","17,53","17,31","17,54","17,28","0,46K","1,92%"
"17.07.2018","17,20","17,00","17,00","17,00","0,92K","0,88%"
"16.07.2018","17,05","17,05","17,05","17,00","0,05K","-0,64%"
"13.07.2018","17,16","17,00","17,08","17,00","0,03K","-0,17%"
"12.07.2018","17,19","16,27","16,55","15,89","14,27K","-1,32%"
"11.07.2018","17,42","16,94","16,94","16,94","0,01K","1,57%"
"10.07.2018","17,15","16,03","16,26","15,96","15,39K","0,47%"
"09.07.2018","17,07","15,70","16,11","15,59","20,75K","1,79%"
"06.07.2018","16,77","15,62","15,76","15,49","19,59K","0,18%"
"05.07.2018","16,74","15,45","15,45","15,45","0,50K","1,09%"
"04.07.2018","16,56","15,08","15,55","15,06","13,30K","2,60%"
"03.07.2018","16,14","14,99","15,31","14,99","10,77K","0,19%"
"02.07.2018","16,11","14,97","15,23","14,82","0,49K","0,69%"
"29.06.2018","16,00","15,99","15,99","15,99","0,01K","-0,12%"
"28.06.2018","16,02","15,30","15,38","14,95","15,91K","-1,60%"
"27.06.2018","16,28","15,05","15,32","15,02","20,61K","1,43%"
"26.06.2018","16,05","15,86","15,86","15,86","0,20K","0,06%"
"25.06.2018","16,04","15,15","15,30","15,00","0,30K","-0,43%"
"22.06.2018","16,11","14,85","15,20","14,70","0,25K","1,90%"
"21.06.2018","15,81","14,45","14,95","14,22","0,67K","2,20%"
"20.06.2018","15,47","15,30","15,50","15,23","0,41K","1,51%"
"19.06.2018","15,24","14,50","14,69","14,22","22,15K","-2,50%"
"18.06.2018","15,63","15,74","15,74","15,74","0,02K","0,45%"
"15.06.2018","15,56","14,99","14,99","14,74","0,01K","-2,63%"
"14.06.2018","15,98","16,00","16,00","16,00","0,01K","-2,62%"
"13.06.2018","16,41","15,20","15,20","15,20","0,01K","0,98%"
"12.06.2018","16,25","16,19","16,38","16,19","0,11K","-2,11%"
"11.06.2018","16,60","16,61","16,61","16,48","0,80K","-1,43%"
"08.06.2018","16,84","15,98","16,12","15,77","13,36K","-1,00%"
"07.06.2018","17,01","17,06","17,16","17,06","0,22K","0,59%"
"06.06.2018","16,91","16,05","16,05","16,05","0,01K","1,20%"
"05.06.2018","16,71","17,00","17,00","17,00","0,21K","-1,82%"
"04.06.2018","17,02","16,65","16,65","16,65","0,06K","5,39%"
"01.06.2018","16,15","14,94","14,94","14,94","0,01K","2,47%"
"31.05.2018","15,76","16,00","16,00","16,00","0,00K","-5,46%"
"30.05.2018","16,67","16,09","16,09","15,93","0,02K","-2,63%"
"29.05.2018","17,12","17,32","17,32","17,32","0,01K","-0,12%"
"28.05.2018","17,14","15,82","16,54","15,75","8,56K","1,78%"
"25.05.2018","16,84","16,15","16,15","16,05","0,01K","-1,64%"
"24.05.2018","17,12","16,21","16,21","16,11","0,02K","1,78%"
"23.05.2018","16,82","15,73","15,95","15,65","0,02K","0,42%"
"22.05.2018","16,75","15,64","15,88","15,64","0,02K","2,45%"
"21.05.2018","16,35","15,35","15,35","15,35","0,01K","1,87%"
"18.05.2018","16,05","16,04","16,09","15,81","0,05K","-0,06%"
"17.05.2018","16,06","15,05","15,05","15,05","0,01K","0,88%"
"16.05.2018","15,92","14,93","14,93","14,93","0,01K","5,78%"
"15.05.2018","15,05","14,64","14,64","14,64","0,00K","-2,08%"
"14.05.2018","15,37","14,53","14,69","14,24","18,46K","0,13%"
"11.05.2018","15,35","14,70","14,70","14,70","0,00K","0,13%"
"10.05.2018","15,33","14,00","14,63","13,96","0,03K","4,14%"
"09.05.2018","14,72","14,03","14,03","14,03","0,00K","2,94%"
"08.05.2018","14,30","13,65","13,68","13,38","12,14K","-0,14%"
"07.05.2018","14,32","13,01","13,68","13,01","18,94K","4,45%"
"04.05.2018","13,71","12,96","13,07","12,82","10,41K","0,44%"
"03.05.2018","13,65","12,88","12,88","12,88","0,00K","-0,73%"
"02.05.2018","13,75","13,39","13,41","12,99","22,73K","-2,34%"
"01.05.2018","14,08","13,58","13,79","13,36","9,97K","-1,33%"
"30.04.2018","14,27","13,50","13,66","13,41","12,37K","0,14%"
"27.04.2018","14,25","14,12","14,13","14,12","0,02K","0,49%"
"26.04.2018","14,18","14,00","14,00","14,00","0,04K","1,79%"
"25.04.2018","13,93","13,00","13,00","13,00","0,02K","0,29%"
"24.04.2018","13,89","12,96","12,96","12,96","0,03K","2,58%"
"23.04.2018","13,54","12,95","12,95","12,79","0,33K","-1,17%"
"20.04.2018","13,70","13,57","13,57","13,41","0,00K","-2,91%"
"19.04.2018","14,11","14,07","14,07","14,07","0,00K","-2,89%"
"18.04.2018","14,53","13,74","13,92","13,59","0,05K","1,11%"
"17.04.2018","14,37","14,45","14,45","14,43","0,02K","-1,64%"
"16.04.2018","14,61","14,11","14,11","14,11","0,26K","0,55%"
"13.04.2018","14,53","13,59","14,08","13,57","0,25K","2,83%"
"12.04.2018","14,13","13,35","13,82","13,17","17,56K","1,44%"
"11.04.2018","13,93","13,36","13,59","13,24","34,41K","0,58%"
"10.04.2018","13,85","13,29","13,47","13,10","19,37K","0,36%"
"09.04.2018","13,80","12,94","13,42","12,86","17,92K","2,60%"
"06.04.2018","13,45","12,67","13,22","12,53","20,77K","2,67%"
"05.04.2018","13,10","13,22","13,22","13,22","0,00K","-3,11%"
"04.04.2018","13,52","13,30","13,59","12,84","17,63K","-1,67%"
"03.04.2018","13,75","13,25","13,34","12,51","18,80K","0,15%"
"29.03.2018","13,73","13,71","13,71","13,66","0,03K","2,16%"
"28.03.2018","13,44","14,56","14,57","14,55","0,02K","-4,88%"
"27.03.2018","14,13","13,52","13,52","13,52","0,75K","5,76%"
"26.03.2018","13,36","12,59","13,11","12,45","30,91K","2,93%"
"23.03.2018","12,98","12,27","12,64","12,21","24,11K","2,12%"
"22.03.2018","12,71","12,69","13,04","12,27","34,46K","-2,38%"
"21.03.2018","13,02","11,57","12,73","11,46","43,50K","9,78%"
"20.03.2018","11,86","11,09","11,57","10,97","0,26K","4,31%"
"19.03.2018","11,37","10,99","11,09","10,90","0,81K","-0,96%"
"16.03.2018","11,48","11,14","11,21","11,01","0,77K","-0,09%"
"15.03.2018","11,49","11,45","11,51","11,41","0,87K","-0,43%"
"14.03.2018","11,54","11,53","11,53","11,53","0,60K","-2,94%"
"13.03.2018","11,89","11,61","11,86","11,61","0,08K","3,03%"
"12.03.2018","11,54","11,33","11,33","11,06","0,24K","-0,26%"
"09.03.2018","11,57","11,16","11,16","10,85","0,15K","0,35%"
"08.03.2018","11,53","10,70","11,11","10,66","0,16K","4,34%"
"07.03.2018","11,05","10,38","10,63","10,33","0,12K","1,56%"
"06.03.2018","10,88","10,27","10,50","10,25","0,24K","1,02%"
"05.03.2018","10,77","10,02","10,36","9,96","0,20K","2,09%"
"02.03.2018","10,55","9,95","10,10","9,91","0,17K","1,44%"
"01.03.2018","10,40","10,08","10,08","9,93","1,38K","-1,05%"
"28.02.2018","10,51","10,13","10,15","9,96","0,13K","-0,38%"
"27.02.2018","10,55","9,56","10,14","9,55","0,18K","5,18%"
"26.02.2018","10,03","9,59","9,59","9,59","0,02K","-1,76%"
"23.02.2018","10,21","9,75","9,90","9,65","23,70K","0,89%"
"22.02.2018","10,12","9,51","9,77","9,41","16,64K","1,61%"
"21.02.2018","9,96","9,67","9,74","9,49","10,68K","-1,58%"
"20.02.2018","10,12","9,94","9,97","9,64","18,26K","-1,56%"
"19.02.2018","10,28","10,03","10,03","10,03","0,00K","3,73%"
"16.02.2018","9,91","9,58","9,69","9,37","16,67K","-0,30%"
"15.02.2018","9,94","9,61","9,72","9,50","11,34K","-0,60%"
"14.02.2018","10,00","10,17","10,17","9,95","0,15K","-2,91%"
"13.02.2018","10,30","10,04","10,18","10,04","0,58K","4,57%"
"12.02.2018","9,85","9,17","9,50","9,08","12,29K","2,71%"
"09.02.2018","9,59","9,42","9,42","9,42","0,05K","1,05%"
"08.02.2018","9,49","9,55","9,55","9,55","0,00K","1,39%"
"07.02.2018","9,36","8,80","9,21","8,68","14,97K","2,18%"
"06.02.2018","9,16","9,07","9,07","8,67","15,39K","-2,86%"
"05.02.2018","9,43","9,25","9,25","8,99","0,04K","1,07%"
"02.02.2018","9,33","9,32","9,39","8,83","12,46K","-3,32%"
"01.02.2018","9,65","9,29","9,48","9,09","17,17K","0,00%"
"31.01.2018","9,65","8,90","9,31","8,79","17,39K","4,21%"
"30.01.2018","9,26","9,25","9,25","9,25","0,03K","-1,28%"
"29.01.2018","9,38","9,08","9,08","9,08","0,03K","-0,95%"
"26.01.2018","9,47","9,47","9,47","9,47","0,15K","-1,56%"
"25.01.2018","9,62","9,65","9,65","9,60","0,30K","-2,04%"
"24.01.2018","9,82","9,03","9,56","8,97","0,16K","4,80%"
"23.01.2018","9,37","8,75","9,05","8,74","0,12K","2,85%"
"22.01.2018","9,11","8,99","8,99","8,99","0,10K","0,22%"
"19.01.2018","9,09","8,95","8,97","8,95","0,05K","3,53%"
"18.01.2018","8,78","8,15","8,55","8,11","0,05K","3,66%"
"17.01.2018","8,47","8,30","8,30","8,30","0,02K","1,56%"
"16.01.2018","8,34","7,92","7,92","7,90","0,00K","3,09%"
"15.01.2018","8,09","7,80","7,85","7,74","8,77K","-0,74%"
"12.01.2018","8,15","7,80","7,87","7,76","8,32K","0,62%"
"11.01.2018","8,10","7,89","7,95","7,66","17,69K","-0,86%"
"10.01.2018","8,17","7,77","7,91","7,75","9,21K","1,11%"
"09.01.2018","8,08","7,66","7,84","7,66","8,97K","1,51%"
"08.01.2018","7,96","7,76","7,92","7,60","14,25K","-1,49%"
"05.01.2018","8,08","7,75","7,84","7,74","5,56K","0,12%"
"04.01.2018","8,07","7,89","7,92","7,74","10,38K","-0,74%"
"03.01.2018","8,13","7,75","7,97","7,73","7,96K","0,25%"
"02.01.2018","8,11","8,05","8,13","7,73","9,63K","-4,48%"
"29.12.2017","8,49","8,16","8,28","8,02","5,51K","-0,47%"
"28.12.2017","8,53","8,18","8,25","8,16","2,55K","0,47%"
"27.12.2017","8,49","8,10","8,24","8,08","2,92K","-0,24%"
"22.12.2017","8,51","8,05","8,30","7,97","7,69K","2,04%"
"21.12.2017","8,34","7,82","8,06","7,71","12,57K","2,58%"
"20.12.2017","8,13","8,04","8,04","8,04","0,00K","3,44%"
"19.12.2017","7,86","7,49","7,64","7,37","11,01K","1,42%"
"18.12.2017","7,75","7,20","7,44","7,09","13,04K","2,79%"
"15.12.2017","7,54","7,09","7,22","6,96","33,62K","1,21%"
"14.12.2017","7,45","7,13","7,17","6,94","40,99K","0,13%"
"13.12.2017","7,44","7,13","7,20","7,02","42,02K","-0,80%"
"12.12.2017","7,50","7,60","7,60","7,55","0,12K","-0,40%"
"11.12.2017","7,53","7,12","7,26","7,08","22,33K","0,80%"
"08.12.2017","7,47","7,34","7,37","7,11","15,53K","-2,73%"
"07.12.2017","7,68","7,26","7,37","7,21","12,37K","0,92%"
"06.12.2017","7,61","7,43","7,43","7,26","17,03K","-1,93%"
"05.12.2017","7,76","7,55","7,56","7,41","12,93K","-1,65%"
"04.12.2017","7,89","7,71","7,72","7,46","17,61K","-1,62%"
"01.12.2017","8,02","7,55","7,72","7,45","16,01K","2,04%"
"30.11.2017","7,86","7,68","7,72","7,52","11,55K","-2,12%"
"29.11.2017","8,03","7,57","7,74","7,50","20,67K","1,26%"
"28.11.2017","7,93","7,71","7,74","7,52","14,59K","-1,37%"
"27.11.2017","8,04","7,72","7,72","7,72","0,01K","-0,74%"
"24.11.2017","8,10","7,70","7,70","7,70","0,01K","1,12%"
"23.11.2017","8,01","7,43","7,73","7,36","13,99K","3,76%"
"22.11.2017","7,72","7,43","7,60","7,33","4,76K","-0,26%"
"21.11.2017","7,74","7,50","7,62","7,40","1,57K","-0,64%"
"20.11.2017","7,79","7,35","7,35","7,35","0,00K","-0,38%"
"17.11.2017","7,82","7,52","7,61","7,47","5,77K","-0,26%"
"16.11.2017","7,84","7,65","7,81","7,53","3,78K","-2,49%"
"15.11.2017","8,04","7,37","7,82","7,37","2,92K","3,88%"
"14.11.2017","7,74","7,36","7,50","7,27","5,33K","0,52%"
"13.11.2017","7,70","7,44","7,44","7,29","2,80K","-0,65%"
"10.11.2017","7,75","7,53","7,54","7,41","6,43K","-1,90%"
"09.11.2017","7,90","7,80","8,00","7,51","6,02K","-2,11%"
"08.11.2017","8,07","7,82","7,82","7,65","3,54K","-0,49%"
"07.11.2017","8,11","8,02","8,05","7,70","2,63K","-1,82%"
"06.11.2017","8,26","7,99","8,03","7,93","2,93K","0,49%"
"03.11.2017","8,22","7,73","7,95","7,63","4,09K","2,75%"
"02.11.2017","8,00","7,54","7,80","7,50","4,95K","1,91%"
"01.11.2017","7,85","7,42","7,59","7,42","4,52K","1,82%"
"31.10.2017","7,71","7,18","7,46","7,14","5,20K","2,94%"
"30.10.2017","7,49","7,25","7,25","7,25","0,00K","-0,40%"
"27.10.2017","7,52","7,23","7,23","7,23","0,00K","-0,40%"
"26.10.2017","7,55","7,47","7,52","7,20","8,31K","-2,58%"
"25.10.2017","7,75","7,58","7,63","7,40","6,16K","-0,90%"
"24.10.2017","7,82","7,41","7,65","7,36","1,14K","0,51%"
"23.10.2017","7,78","7,64","7,64","7,44","0,96K","-1,64%"
"20.10.2017","7,91","7,90","7,90","7,89","0,00K","-1,00%"
"19.10.2017","7,99","7,86","8,09","7,65","1,71K","-1,96%"
"18.10.2017","8,15","7,65","7,65","7,65","0,02K","5,16%"
"17.10.2017","7,75","7,47","7,47","7,47","0,01K","0,78%"
"16.10.2017","7,69","7,36","7,46","7,28","1,70K","0,00%"
"13.10.2017","7,69","7,21","7,45","7,20","5,19K","-1,16%"
"12.10.2017","7,78","7,36","7,61","7,25","4,40K","0,13%"
"11.10.2017","7,77","7,43","7,57","7,35","0,15K","-0,26%"
"10.10.2017","7,79","6,98","7,45","6,95","2,85K","5,27%"
"09.10.2017","7,40","7,00","7,08","6,88","1,61K","-0,54%"
"06.10.2017","7,44","6,91","7,10","6,81","1,77K","1,36%"
"05.10.2017","7,34","7,00","7,00","6,83","1,59K","-0,27%"
"04.10.2017","7,36","6,99","7,08","6,93","4,44K","-1,08%"
"03.10.2017","7,44","6,95","7,11","6,95","1,43K","0,81%"
"02.10.2017","7,38","7,10","7,10","6,86","1,51K","-1,73%"
"29.09.2017","7,51","7,02","7,29","6,96","2,28K","1,49%"
"28.09.2017","7,40","6,94","7,33","6,84","3,42K","0,27%"
"27.09.2017","7,38","6,92","7,00","6,77","1,73K","-0,67%"
"26.09.2017","7,43","7,34","7,37","6,92","2,39K","-3,51%"
"25.09.2017","7,70","6,75","7,37","6,75","2,17K","9,07%"
"22.09.2017","7,06","6,55","6,55","6,55","0,00K","1,29%"
"21.09.2017","6,97","6,77","6,77","6,71","0,02K","-4,78%"
"20.09.2017","7,32","7,12","7,12","6,85","1,04K","-1,61%"
"19.09.2017","7,44","6,82","6,82","6,82","0,00K","4,20%"
"18.09.2017","7,14","7,00","7,06","6,75","3,03K","-2,99%"
"15.09.2017","7,36","6,98","6,98","6,79","0,00K","-2,13%"
"14.09.2017","7,52","7,34","7,70","7,08","4,62K","0,00%"
"13.09.2017","7,52","7,07","7,07","7,07","0,01K","3,30%"
"12.09.2017","7,28","6,90","6,91","6,58","2,26K","-0,14%"
"11.09.2017","7,29","7,18","7,20","6,79","10,99K","-2,54%"
"08.09.2017","7,48","7,00","7,13","6,95","1,31K","2,19%"
"07.09.2017","7,32","6,87","7,00","6,68","1,97K","2,95%"
"06.09.2017","7,11","6,38","6,38","6,38","0,00K","2,75%"
"05.09.2017","6,92","6,88","6,88","6,88","0,20K","7,62%"
"04.09.2017","6,43","5,92","5,99","5,86","0,96K","1,26%"
"01.09.2017","6,35","6,02","6,02","5,86","2,04K","-1,70%"
"31.08.2017","6,46","6,01","6,01","5,90","0,10K","-1,22%"
"30.08.2017","6,54","6,10","6,14","6,03","3,09K","-0,30%"
"29.08.2017","6,56","6,13","6,19","6,01","0,05K","-0,91%"
"28.08.2017","6,62","6,12","6,12","6,12","0,01K","0,15%"
"25.08.2017","6,61","6,03","6,12","5,99","0,05K","2,16%"
"24.08.2017","6,47","6,03","6,15","5,95","0,20K","0,15%"
"23.08.2017","6,46","5,80","6,00","5,79","0,05K","2,70%"
"22.08.2017","6,29","5,81","5,84","5,70","2,06K","0,48%"
"21.08.2017","6,26","5,81","5,81","5,81","0,01K","-1,11%"
"18.08.2017","6,33","5,85","5,92","5,77","2,00K","0,00%"
"17.08.2017","6,33","5,87","5,99","5,77","3,75K","0,32%"
"16.08.2017","6,31","5,55","5,86","5,54","10,65K","4,30%"
"15.08.2017","6,05","5,54","5,66","5,52","1,88K","0,17%"
"14.08.2017","6,04","5,38","5,57","5,36","2,87K","2,20%"
"11.08.2017","5,91","5,40","5,50","5,38","1,94K","0,51%"
"10.08.2017","5,88","5,45","5,50","5,39","3,10K","0,68%"
"09.08.2017","5,84","5,31","5,44","5,31","2,21K","2,64%"
"08.08.2017","5,69","5,31","5,36","5,30","0,75K","0,00%"
"07.08.2017","5,69","5,38","5,38","5,31","0,69K","-1,56%"
"04.08.2017","5,78","5,46","5,48","5,37","1,08K","-1,37%"
"03.08.2017","5,86","5,43","5,43","5,43","0,01K","0,17%"
"02.08.2017","5,85","5,32","5,47","5,31","4,25K","2,27%"
"01.08.2017","5,72","5,26","5,42","5,26","1,83K","1,24%"
"31.07.2017","5,65","5,26","5,32","5,23","0,98K","0,71%"
"28.07.2017","5,61","5,22","5,25","5,12","0,66K","0,72%"
"27.07.2017","5,57","5,28","5,32","5,18","1,16K","-1,94%"
"26.07.2017","5,68","5,22","5,32","5,19","0,87K","1,61%"
"25.07.2017","5,59","5,22","5,25","5,14","1,36K","0,54%"
"24.07.2017","5,56","5,11","5,24","5,11","1,58K","0,72%"
"21.07.2017","5,52","5,38","5,40","5,11","0,70K","-2,65%"
"20.07.2017","5,67","5,73","5,73","5,73","0,26K","-1,56%"
"19.07.2017","5,76","5,75","5,75","5,75","0,51K","-0,17%"
"18.07.2017","5,77","5,50","5,50","5,50","0,01K","0,52%"
"17.07.2017","5,74","5,46","5,53","5,44","1,65K","0,00%"
"14.07.2017","5,74","5,35","5,35","5,35","0,00K","1,06%"
"13.07.2017","5,68","5,54","5,66","5,39","1,35K","-2,07%"
"12.07.2017","5,80","5,39","5,53","5,39","0,90K","2,65%"
"11.07.2017","5,65","5,51","5,54","5,32","1,61K","-1,22%"
"10.07.2017","5,72","5,48","5,59","5,43","1,41K","1,06%"
"07.07.2017","5,66","5,30","5,49","5,28","3,92K","1,98%"
"06.07.2017","5,55","5,12","5,32","5,12","1,65K","3,74%"
"05.07.2017","5,35","5,15","5,25","5,08","1,45K","-1,47%"
"04.07.2017","5,43","5,19","5,25","5,12","1,27K","-0,37%"
"03.07.2017","5,45","5,10","5,20","5,05","0,69K","2,06%"
"30.06.2017","5,34","5,14","5,17","5,05","1,43K","-0,74%"
"29.06.2017","5,38","5,07","5,18","5,06","5,77K","2,48%"
"28.06.2017","5,25","4,98","5,01","4,95","1,80K","0,00%"
"27.06.2017","5,25","4,87","5,01","4,86","0,40K","3,35%"
"26.06.2017","5,08","4,93","4,93","4,82","1,34K","-1,74%"
"23.06.2017","5,17","4,91","4,97","4,91","2,29K","0,00%"
"22.06.2017","5,17","4,89","4,89","4,89","0,06K","-0,19%"
"21.06.2017","5,18","5,06","5,06","4,92","0,32K","-1,71%"
"20.06.2017","5,27","4,90","4,90","4,90","0,06K","0,76%"
"19.06.2017","5,23","4,97","5,06","4,91","1,74K","0,97%"
"16.06.2017","5,18","4,92","4,92","4,92","0,00K","-1,33%"
"15.06.2017","5,25","4,98","5,01","4,95","1,05K","0,19%"
"14.06.2017","5,24","5,06","5,10","4,95","3,00K","-1,50%"
"13.06.2017","5,32","4,99","5,08","4,98","24,20K","1,92%"
"12.06.2017","5,22","5,04","5,04","5,04","0,01K","-2,25%"
"09.06.2017","5,34","5,11","5,11","5,06","0,10K","-0,19%"
"08.06.2017","5,35","4,97","5,22","4,97","3,51K","3,28%"
"07.06.2017","5,18","5,09","5,10","4,93","0,68K","-1,71%"
"06.06.2017","5,27","5,20","5,23","4,99","0,05K","-3,66%"
"05.06.2017","5,47","5,25","5,31","5,21","0,56K","0,18%"
"02.06.2017","5,46","5,08","5,24","5,06","0,93K","1,68%"
"01.06.2017","5,37","5,04","5,19","5,04","1,47K","1,90%"
"31.05.2017","5,27","5,41","5,41","5,41","0,01K","-3,30%"
"30.05.2017","5,45","5,22","5,26","5,14","2,99K","-0,73%"
"29.05.2017","5,49","5,23","5,26","5,23","0,29K","-0,18%"
"26.05.2017","5,50","5,05","5,22","5,05","0,12K","3,97%"
"25.05.2017","5,29","5,00","5,05","4,96","0,38K","1,34%"
"24.05.2017","5,22","4,83","4,99","4,83","0,05K","3,37%"
"23.05.2017","5,05","5,00","5,00","4,77","0,05K","-3,07%"
"22.05.2017","5,21","4,99","4,99","4,99","0,01K","1,36%"
"19.05.2017","5,14","4,89","4,89","4,89","0,03K","1,78%"
"18.05.2017","5,05","4,66","4,86","4,66","1,73K","3,70%"
"17.05.2017","4,87","4,58","4,70","4,54","2,69K","0,83%"
"16.05.2017","4,83","4,45","4,61","4,40","2,03K","3,21%"
"15.05.2017","4,68","4,47","4,55","4,41","1,96K","-1,47%"
"12.05.2017","4,75","4,32","4,32","4,32","0,00K","2,37%"
"11.05.2017","4,64","4,39","4,39","4,39","0,00K","-2,11%"
"10.05.2017","4,74","4,58","4,61","4,46","5,77K","-1,46%"
"09.05.2017","4,81","4,40","4,40","4,40","0,02K","2,12%"
"08.05.2017","4,71","4,61","4,62","4,45","1,40K","-3,09%"
"05.05.2017","4,86","4,52","4,73","4,50","2,97K","1,46%"
"04.05.2017","4,79","4,43","4,61","4,35","1,34K","2,13%"
"03.05.2017","4,69","4,41","4,50","4,39","1,23K","-0,85%"
"02.05.2017","4,73","4,51","4,51","4,51","0,01K","3,50%"
"01.05.2017","4,57","4,57","4,57","4,57","-","-5,97%"
"28.04.2017","4,86","4,60","4,65","4,59","0,96K","0,21%"
"27.04.2017","4,85","4,62","4,68","4,57","1,54K","-1,02%"
"26.04.2017","4,90","4,55","4,66","4,54","0,42K","2,30%"
"25.04.2017","4,79","4,68","4,71","4,50","1,23K","-3,04%"
"24.04.2017","4,94","4,67","4,78","4,67","0,00K","1,65%"
"21.04.2017","4,86","4,70","4,70","4,70","0,01K","-3,57%"
"20.04.2017","5,04","4,80","4,80","4,80","0,00K","-1,95%"
"19.04.2017","5,14","4,90","4,90","4,90","0,00K","-0,39%"
"18.04.2017","5,16","4,98","5,00","4,89","0,80K","-1,53%"
"13.04.2017","5,24","5,00","5,08","4,97","0,48K","0,19%"
"12.04.2017","5,23","4,97","5,02","4,92","1,04K","1,36%"
"11.04.2017","5,16","4,85","4,85","4,85","0,00K","1,78%"
"10.04.2017","5,07","5,00","5,00","4,83","0,99K","-1,93%"
"07.04.2017","5,17","5,14","5,24","4,92","3,58K","-3,36%"
"06.04.2017","5,35","4,86","5,17","4,86","1,49K","4,90%"
"05.04.2017","5,10","4,73","4,96","4,72","1,80K","4,08%"
"04.04.2017","4,90","4,79","4,79","4,79","0,01K","-4,48%"
"03.04.2017","5,13","4,80","4,90","4,76","1,60K","3,43%"
"31.03.2017","4,96","4,91","4,98","4,71","1,27K","-4,43%"
"30.03.2017","5,19","4,82","5,00","4,69","0,50K","3,18%"
"29.03.2017","5,03","4,76","4,84","4,72","2,39K","0,60%"
"28.03.2017","5,00","4,77","4,80","4,68","0,98K","2,25%"
"27.03.2017","4,89","4,70","4,73","4,58","0,68K","-2,78%"
"24.03.2017","5,03","4,96","4,96","4,72","0,37K","-4,01%"
"23.03.2017","5,24","4,98","4,99","4,94","0,18K","0,19%"
"22.03.2017","5,23","4,87","4,89","4,85","0,32K","0,58%"
"21.03.2017","5,20","4,98","4,98","4,98","4,12K","-0,95%"
"20.03.2017","5,25","5,11","5,12","4,97","0,43K","-2,78%"
"17.03.2017","5,40","5,12","5,15","5,12","0,39K","-0,18%"
"16.03.2017","5,41","5,15","5,19","5,09","0,19K","-0,92%"
"15.03.2017","5,46","5,09","5,20","5,09","0,05K","1,68%"
"14.03.2017","5,37","5,17","5,19","5,09","0,30K","-0,92%"
"13.03.2017","5,42","5,15","5,17","5,15","0,01K","-0,18%"
"10.03.2017","5,43","5,12","5,12","5,08","0,09K","0,93%"
"09.03.2017","5,38","5,15","5,17","5,12","0,22K","-2,18%"
"08.03.2017","5,50","5,30","5,31","5,21","0,24K","-2,48%"
"07.03.2017","5,64","5,52","5,52","5,37","0,19K","-1,91%"
"06.03.2017","5,75","5,50","5,50","5,47","1,50K","-1,88%"
"03.03.2017","5,86","5,42","5,70","5,42","0,25K","2,27%"
"02.03.2017","5,73","5,98","5,98","5,45","0,20K","-7,28%"
"01.03.2017","6,18","5,31","5,88","5,31","1,68K","12,57%"
"28.02.2017","5,49","5,26","5,30","5,15","0,18K","0,73%"
"27.02.2017","5,45","5,40","5,40","5,40","0,00K","-3,54%"
"24.02.2017","5,65","5,33","5,33","5,33","0,00K","0,53%"
"23.02.2017","5,62","5,30","5,30","5,27","0,00K","5,44%"
"22.02.2017","5,33","5,00","5,06","4,97","0,01K","0,38%"
"21.02.2017","5,31","5,12","5,19","5,07","0,82K","-0,75%"
"20.02.2017","5,35","5,05","5,19","5,03","1,17K","2,29%"
"17.02.2017","5,23","4,91","4,91","4,90","0,01K","0,58%"
"16.02.2017","5,20","5,04","5,04","5,04","0,01K","-2,62%"
"15.02.2017","5,34","5,19","5,28","5,03","1,64K","-1,11%"
"14.02.2017","5,40","4,98","5,18","4,98","0,68K","4,65%"
"13.02.2017","5,16","5,17","5,19","4,92","1,01K","-3,91%"
"10.02.2017","5,37","5,34","5,37","5,16","1,51K","-3,07%"
"09.02.2017","5,54","5,25","5,46","5,25","2,34K","1,28%"
"08.02.2017","5,47","5,14","5,30","5,10","1,86K","0,92%"
"07.02.2017","5,42","5,13","5,26","5,08","1,58K","1,31%"
"06.02.2017","5,35","5,17","5,23","5,11","1,17K","-1,11%"
"03.02.2017","5,41","5,15","5,18","5,15","0,02K","-1,28%"
"02.02.2017","5,48","5,33","5,38","5,25","0,87K","-0,90%"
"01.02.2017","5,53","5,42","5,49","5,30","0,64K","-1,43%"
"31.01.2017","5,61","5,23","5,42","5,22","0,66K","5,06%"
"30.01.2017","5,34","5,05","5,23","5,02","0,97K","8,76%"
"27.01.2017","4,91","5,17","5,24","4,95","0,50K","-5,39%"
"26.01.2017","5,19","5,05","5,27","4,94","0,83K","4,43%"
"25.01.2017","4,97","4,95","4,99","4,95","0,00K","-1,97%"
"24.01.2017","5,07","5,19","5,19","5,19","0,00K","-4,52%"
"23.01.2017","5,31","5,45","5,59","5,34","3,02K","-2,03%"
"20.01.2017","5,42","5,15","5,57","5,15","1,79K","4,43%"
"19.01.2017","5,19","4,90","4,95","4,90","0,02K","7,45%"
"18.01.2017","4,83","4,96","4,96","4,93","0,02K","-3,21%"
"17.01.2017","4,99","4,66","4,66","4,66","0,00K","6,40%"
"16.01.2017","4,69","4,96","4,96","4,85","0,01K","-6,76%"
"13.01.2017","5,03","5,10","5,18","5,01","2,31K","0,00%"
"12.01.2017","5,03","5,54","5,54","5,08","0,00K","-8,71%"
"11.01.2017","5,51","5,61","5,69","5,47","3,93K","0,36%"
"10.01.2017","5,49","5,36","5,36","5,36","0,00K","4,57%"
"09.01.2017","5,25","5,05","5,05","5,05","0,00K","4,37%"
"06.01.2017","5,03","5,39","5,39","5,04","0,00K","-4,55%"
"05.01.2017","5,27","5,79","5,83","5,33","1,09K","-7,54%"
"04.01.2017","5,70","5,64","5,68","5,32","0,05K","5,36%"
"03.01.2017","5,41","6,05","6,05","5,44","1,56K","-11,46%"
"02.01.2017","6,11","6,48","6,48","6,36","0,03K","-6,57%"
"30.12.2016","6,54","6,41","6,63","6,41","0,00K","3,15%"
"29.12.2016","6,34","6,36","6,42","6,34","0,20K","0,32%"
"28.12.2016","6,32","6,41","6,41","6,31","0,05K","0,00%"
"27.12.2016","6,32","6,50","6,58","6,16","0,30K","1,61%"
"23.12.2016","6,22","6,12","6,35","6,12","1,89K","2,47%"
"22.12.2016","6,07","5,87","5,89","5,87","0,00K","4,66%"
"21.12.2016","5,80","5,29","5,82","5,29","0,77K","10,90%"
"20.12.2016","5,23","5,22","5,22","5,22","0,02K","2,75%"
"19.12.2016","5,09","4,96","5,22","4,93","16,00K","3,25%"
"16.12.2016","4,93","4,93","5,00","4,57","22,51K","1,86%"
"15.12.2016","4,84","5,01","5,14","4,79","20,36K","-3,39%"
"14.12.2016","5,01","5,03","5,19","4,88","25,67K","4,59%"
"13.12.2016","4,79","4,84","4,92","4,70","23,63K","-1,64%"
"12.12.2016","4,87","4,51","4,89","4,49","20,87K","9,19%"
"09.12.2016","4,46","4,61","4,78","4,44","16,74K","-3,25%"
"08.12.2016","4,61","4,27","4,65","4,24","16,37K","7,21%"
"07.12.2016","4,30","4,49","4,62","4,27","19,14K","-4,44%"
"06.12.2016","4,50","4,29","4,54","4,03","20,98K","2,97%"
"05.12.2016","4,37","4,27","4,45","3,97","23,63K","1,63%"
"02.12.2016","4,30","4,44","4,50","4,25","23,23K","-3,59%"
"01.12.2016","4,46","4,62","4,65","4,40","15,00K","-2,62%"
"30.11.2016","4,58","4,49","4,81","4,35","16,82K","0,44%"
"29.11.2016","4,56","4,71","4,79","4,41","21,13K","-3,80%"
"28.11.2016","4,74","4,99","4,99","4,99","0,00K","-5,20%"
"25.11.2016","5,00","5,32","5,32","5,01","1,45K","-6,37%"
"24.11.2016","5,34","5,35","5,35","5,35","0,00K","-0,93%"
"23.11.2016","5,39","5,59","5,68","5,40","1,02K","-2,18%"
"22.11.2016","5,51","5,58","5,58","5,49","1,72K","0,55%"
"21.11.2016","5,48","5,47","5,47","5,47","0,00K","-1,79%"
"18.11.2016","5,58","5,86","5,86","5,64","1,14K","-5,42%"
"17.11.2016","5,90","5,74","5,80","5,74","0,00K","6,31%"
"16.11.2016","5,55","5,84","5,84","5,56","1,29K","-3,31%"
"15.11.2016","5,74","5,52","5,78","5,46","0,85K","6,10%"
"14.11.2016","5,41","5,55","5,55","5,55","0,00K","-4,59%"
"11.11.2016","5,67","5,70","5,70","5,70","0,00K","-4,22%"
"10.11.2016","5,92","6,18","6,19","5,97","2,24K","-3,43%"
"09.11.2016","6,13","6,00","6,19","5,88","0,83K","-0,33%"
"08.11.2016","6,15","6,31","6,31","6,05","1,21K","-1,28%"
"07.11.2016","6,23","6,52","6,52","6,52","0,01K","-2,81%"
"04.11.2016","6,41","6,53","6,61","6,44","0,48K","-1,38%"
"03.11.2016","6,50","6,26","6,61","6,22","1,11K","4,17%"
"02.11.2016","6,24","6,04","6,14","5,89","1,03K","3,48%"
"01.11.2016","6,03","5,97","5,97","5,97","0,02K","2,20%"